releases/104-10074-10121.md                                   document_date    01/01/0000            → year 0 is out of range: 01/01/0000
releases/104-10185-10266.md                                   document_date    01/01/0000            → year 0 is out of range: 01/01/0000
releases/104-10181-10081.md                                   document_date    01/01/0000            → year 0 is out of range: 01/01/0000
releases/104-10174-10068.md                                   document_date    01/01/0000            → year 0 is out of range: 01/01/0000
releases/104-10106-10198.md                                   document_date    01/01/0000            → year 0 is out of range: 01/01/0000
releases/104-10180-10023.md                                   document_date    01/01/0000            → year 0 is out of range: 01/01/0000
releases/104-10181-10023.md                                   document_date    01/01/0000            → year 0 is out of range: 01/01/0000
releases/104-10110-10527.md                                   document_date    01/01/0000            → year 0 is out of range: 01/01/0000
releases/180-10145-10216.md                                   document_date    03/00/1978            → day is out of range for month: 03/00/1978
releases/104-10110-10620.md                                   document_date    01/01/0000            → year 0 is out of range: 01/01/0000
releases/104-10222-10012.md                                   document_date    01/01/0000            → year 0 is out of range: 01/01/0000
releases/178-10004-10115.md                                   document_date    00/00/1975            → month must be in 1..12: 00/00/1975
releases/104-10161-10120.md                                   document_date    01/01/0000            → year 0 is out of range: 01/01/0000
releases/104-10103-10029.md                                   document_date    01/01/0000            → year 0 is out of range: 01/01/0000
releases/104-10222-10043.md                                   document_date    01/01/0000            → year 0 is out of range: 01/01/0000
releases/104-10105-10103.md                                   document_date    01/01/0000            → year 0 is out of range: 01/01/0000
releases/104-10176-10222.md                                   document_date    01/01/0000            → year 0 is out of range: 01/01/0000
releases/104-10422-10051.md                                   document_date    01/01/0000            → year 0 is out of range: 01/01/0000
releases/docid-32281845.md                                    document_date    05/00/1975            → day is out of range for month: 05/00/1975
releases/104-10192-10232.md                                   document_date    01/01/0000            → year 0 is out of range: 01/01/0000
releases/104-10246-10031.md                                   document_date    01/01/0000            → year 0 is out of range: 01/01/0000
releases/104-10189-10457.md                                   document_date    01/01/0000            → year 0 is out of range: 01/01/0000
releases/104-10308-10304.md                                   document_date    01/01/0000            → year 0 is out of range: 01/01/0000
releases/docid-32202555.md                                    document_date    00/00/1963            → month must be in 1..12: 00/00/1963
releases/104-10173-10036.md                                   document_date    01/01/0000            → year 0 is out of range: 01/01/0000
releases/104-10187-10158.md                                   document_date    01/01/0000            → year 0 is out of range: 01/01/0000
releases/104-10063-10281.md                                   document_date    01/01/0000            → year 0 is out of range: 01/01/0000
releases/104-10193-10075.md                                   document_date    01/01/0000            → year 0 is out of range: 01/01/0000
releases/104-10173-10142.md                                   document_date    01/01/0000            → year 0 is out of range: 01/01/0000
releases/178-10002-10369.md                                   document_date    00/00/1975            → month must be in 1..12: 00/00/1975
releases/104-10131-10006.md                                   document_date    01/01/0000            → year 0 is out of range: 01/01/0000
releases/docid-32423543.md                                    document_date    07/00/1975            → day is out of range for month: 07/00/1975
releases/104-10219-10051.md                                   document_date    01/01/0000            → year 0 is out of range: 01/01/0000
releases/104-10173-10002.md                                   document_date    01/01/0000            → year 0 is out of range: 01/01/0000
releases/104-10172-10113.md                                   document_date    01/01/0000            → year 0 is out of range: 01/01/0000
releases/104-10193-10164.md                                   document_date    01/01/0000            → year 0 is out of range: 01/01/0000
releases/104-10177-10135.md                                   document_date    01/01/0000            → year 0 is out of range: 01/01/0000
releases/docid-32392644.md                                    document_date    09/13/0000            → year 0 is out of range: 09/13/0000
releases/104-10176-10075.md                                   document_date    01/01/0000            → year 0 is out of range: 01/01/0000
releases/104-10219-10041.md                                   document_date    04/24/0000            → year 0 is out of range: 04/24/0000
releases/104-10063-10291.md                                   document_date    01/01/0000            → year 0 is out of range: 01/01/0000
releases/104-10422-10024.md                                   document_date    01/01/0000            → year 0 is out of range: 01/01/0000
releases/104-10177-10206.md                                   document_date    01/01/0000            → year 0 is out of range: 01/01/0000
releases/104-10177-10257.md                                   document_date    01/01/0000            → year 0 is out of range: 01/01/0000
releases/104-10271-10414.md                                   document_date    01/01/0000            → year 0 is out of range: 01/01/0000
releases/104-10186-10008.md                                   document_date    01/01/0000            → year 0 is out of range: 01/01/0000
releases/104-10173-10166.md                                   document_date    01/01/0000            → year 0 is out of range: 01/01/0000
releases/104-10413-10057.md                                   document_date    01/01/0000            → year 0 is out of range: 01/01/0000
releases/104-10176-10010.md                                   document_date    01/01/0000            → year 0 is out of range: 01/01/0000
releases/104-10173-10137.md                                   document_date    01/01/0000            → year 0 is out of range: 01/01/0000
releases/104-10192-10000.md                                   document_date    01/01/0000            → year 0 is out of range: 01/01/0000
releases/104-10533-10013.md                                   document_date    01/01/0000            → year 0 is out of range: 01/01/0000
releases/104-10228-10090.md                                   document_date    01/01/0000            → year 0 is out of range: 01/01/0000
releases/104-10271-10420.md                                   document_date    01/01/0000            → year 0 is out of range: 01/01/0000
releases/104-10192-10222.md                                   document_date    01/01/0000            → year 0 is out of range: 01/01/0000
releases/104-10196-10354.md                                   document_date    01/01/0000            → year 0 is out of range: 01/01/0000
releases/180-10142-10318.md                                   document_date    03/00/1978            → day is out of range for month: 03/00/1978
releases/104-10135-10327.md                                   document_date    01/01/0000            → year 0 is out of range: 01/01/0000
releases/104-10181-10007.md                                   document_date    01/01/0000            → year 0 is out of range: 01/01/0000
releases/104-10525-10022.md                                   document_date    01/01/0000            → year 0 is out of range: 01/01/0000
releases/docid-32397479.md                                    document_date    01/01/0000            → year 0 is out of range: 01/01/0000
releases/104-10103-10068.md                                   document_date    01/01/0000            → year 0 is out of range: 01/01/0000
releases/104-10521-10045.md                                   document_date    01/01/0000            → year 0 is out of range: 01/01/0000
releases/104-10222-10002.md                                   document_date    01/01/0000            → year 0 is out of range: 01/01/0000
releases/104-10161-10192.md                                   document_date    01/01/0000            → year 0 is out of range: 01/01/0000
releases/104-10227-10000.md                                   document_date    01/01/0000            → year 0 is out of range: 01/01/0000
releases/104-10302-10023.md                                   document_date    01/01/0000            → year 0 is out of range: 01/01/0000
releases/104-10050-10228.md                                   document_date    01/01/0000            → year 0 is out of range: 01/01/0000
releases/104-10133-10239.md                                   document_date    01/01/0000            → year 0 is out of range: 01/01/0000
releases/104-10216-10325.md                                   document_date    01/01/0000            → year 0 is out of range: 01/01/0000
releases/104-10165-10132.md                                   document_date    01/01/0000            → year 0 is out of range: 01/01/0000
releases/104-10079-10209.md                                   document_date    01/01/0000            → year 0 is out of range: 01/01/0000
releases/104-10180-10211.md                                   document_date    01/01/0000            → year 0 is out of range: 01/01/0000
releases/104-10217-10016.md                                   document_date    01/01/0000            → year 0 is out of range: 01/01/0000
releases/104-10106-10188.md                                   document_date    01/01/0000            → year 0 is out of range: 01/01/0000
releases/104-10515-10051.md                                   document_date    01/01/0000            → year 0 is out of range: 01/01/0000
releases/104-10180-10091.md                                   document_date    01/01/0000            → year 0 is out of range: 01/01/0000
releases/104-10515-10160.md                                   document_date    01/01/0000            → year 0 is out of range: 01/01/0000
releases/104-10178-10002.md                                   document_date    01/01/0000            → year 0 is out of range: 01/01/0000
releases/docid-32357232.md                                    document_date    01/01/0000            → year 0 is out of range: 01/01/0000
releases/104-10164-10112.md                                   document_date    01/01/0000            → year 0 is out of range: 01/01/0000
releases/104-10217-10185.md                                   document_date    01/01/0000            → year 0 is out of range: 01/01/0000
releases/104-10303-10003.md                                   document_date    01/01/0000            → year 0 is out of range: 01/01/0000
releases/104-10181-10042.md                                   document_date    01/01/0000            → year 0 is out of range: 01/01/0000
releases/104-10059-10375.md                                   document_date    01/01/0000            → year 0 is out of range: 01/01/0000
releases/104-10180-10042.md                                   document_date    01/01/0000            → year 0 is out of range: 01/01/0000
releases/104-10165-10143.md                                   document_date    01/01/0000            → year 0 is out of range: 01/01/0000
releases/104-10178-10067.md                                   document_date    01/01/0000            → year 0 is out of range: 01/01/0000
releases/104-10178-10176.md                                   document_date    01/01/0000            → year 0 is out of range: 01/01/0000
releases/104-10071-10282.md                                   document_date    01/01/0000            → year 0 is out of range: 01/01/0000
releases/104-10185-10262.md                                   document_date    01/01/0000            → year 0 is out of range: 01/01/0000
releases/104-10178-10185.md                                   document_date    01/01/0000            → year 0 is out of range: 01/01/0000
releases/104-10429-10000.md                                   document_date    01/01/0000            → year 0 is out of range: 01/01/0000
releases/104-10165-10126.md                                   document_date    01/01/0000            → year 0 is out of range: 01/01/0000
releases/104-10510-10080.md                                   document_date    01/01/0000            → year 0 is out of range: 01/01/0000
releases/104-10071-10360.md                                   document_date    01/01/0000            → year 0 is out of range: 01/01/0000
releases/104-10161-10110.md                                   document_date    01/01/0000            → year 0 is out of range: 01/01/0000
releases/104-10119-10250.md                                   document_date    01/01/0000            → year 0 is out of range: 01/01/0000
releases/104-10422-10061.md                                   document_date    01/01/0000            → year 0 is out of range: 01/01/0000
releases/104-10120-10059.md                                   document_date    01/01/0000            → year 0 is out of range: 01/01/0000
releases/104-10193-10160.md                                   document_date    01/01/0000            → year 0 is out of range: 01/01/0000
releases/104-10177-10121.md                                   document_date    01/01/0000            → year 0 is out of range: 01/01/0000
releases/104-10210-10068.md                                   document_date    01/01/0000            → year 0 is out of range: 01/01/0000
releases/104-10173-10006.md                                   document_date    01/01/0000            → year 0 is out of range: 01/01/0000
releases/104-10173-10090.md                                   document_date    01/01/0000            → year 0 is out of range: 01/01/0000
releases/104-10246-10035.md                                   document_date    08/07/0000            → year 0 is out of range: 08/07/0000
releases/157-10005-10214.md                                   document_date    00/00/1975            → month must be in 1..12: 00/00/1975
releases/104-10111-10208.md                                   document_date    01/01/0000            → year 0 is out of range: 01/01/0000
releases/104-10266-10138.md                                   document_date    01/01/0000            → year 0 is out of range: 01/01/0000
releases/104-10177-10226.md                                   document_date    01/01/0000            → year 0 is out of range: 01/01/0000
releases/104-10215-10099.md                                   document_date    01/01/0000            → year 0 is out of range: 01/01/0000
releases/104-10176-10004.md                                   document_date    01/01/0000            → year 0 is out of range: 01/01/0000
releases/104-10234-10076.md                                   document_date    01/01/0000            → year 0 is out of range: 01/01/0000
releases/104-10173-10133.md                                   document_date    01/01/0000            → year 0 is out of range: 01/01/0000
releases/104-10173-10162.md                                   document_date    01/01/0000            → year 0 is out of range: 01/01/0000
releases/104-10177-10236.md                                   document_date    01/01/0000            → year 0 is out of range: 01/01/0000
releases/104-10310-10020.md                                   document_date    01/01/0000            → year 0 is out of range: 01/01/0000
releases/docid-32370655.md                                    document_date    01/01/0000            → year 0 is out of range: 01/01/0000
releases/104-10067-10250.md                                   document_date    01/01/0000            → year 0 is out of range: 01/01/0000
releases/docid-32350278.md                                    document_date    01/01/0000            → year 0 is out of range: 01/01/0000
releases/104-10172-10107.md                                   document_date    01/01/0000            → year 0 is out of range: 01/01/0000
releases/104-10105-10210.md                                   document_date    08/27/0000            → year 0 is out of range: 08/27/0000
releases/104-10218-10014.md                                   document_date    01/01/0000            → year 0 is out of range: 01/01/0000
releases/104-10067-10190.md                                   document_date    01/01/0000            → year 0 is out of range: 01/01/0000
releases/docid-32339753.md                                    document_date    12/00/1967            → day is out of range for month: 12/00/1967
releases/104-10173-10107.md                                   document_date    01/01/0000            → year 0 is out of range: 01/01/0000
releases/104-10219-10154.md                                   document_date    01/01/0000            → year 0 is out of range: 01/01/0000
releases/104-10120-10298.md                                   document_date    01/01/0000            → year 0 is out of range: 01/01/0000
releases/104-10225-10009.md                                   document_date    01/01/0000            → year 0 is out of range: 01/01/0000
releases/104-10256-10268.md                                   document_date    01/01/0000            → year 0 is out of range: 01/01/0000
releases/docid-32363606.md                                    document_date    01/01/0000            → year 0 is out of range: 01/01/0000
releases/104-10229-10002.md                                   document_date    01/01/0000            → year 0 is out of range: 01/01/0000
releases/104-10179-10255.md                                   document_date    01/01/0000            → year 0 is out of range: 01/01/0000
releases/104-10521-10024.md                                   document_date    01/01/0000            → year 0 is out of range: 01/01/0000
releases/104-10510-10090.md                                   document_date    01/01/0000            → year 0 is out of range: 01/01/0000
releases/104-10180-10037.md                                   document_date    01/01/0000            → year 0 is out of range: 01/01/0000
releases/104-10227-10004.md                                   document_date    01/01/0000            → year 0 is out of range: 01/01/0000
releases/104-10222-10032.md                                   document_date    01/01/0000            → year 0 is out of range: 01/01/0000
releases/104-10180-10066.md                                   document_date    01/01/0000            → year 0 is out of range: 01/01/0000
releases/104-10055-10038.md                                   document_date    01/01/0000            → year 0 is out of range: 01/01/0000
releases/104-10520-10086.md                                   document_date    01/01/0000            → year 0 is out of range: 01/01/0000
releases/180-10145-10160.md                                   document_date    00/00/1978            → month must be in 1..12: 00/00/1978
releases/104-10217-10012.md                                   document_date    01/01/0000            → year 0 is out of range: 01/01/0000
releases/104-10515-10055.md                                   document_date    01/01/0000            → year 0 is out of range: 01/01/0000
releases/104-10419-10006.md                                   document_date    01/01/0000            → year 0 is out of range: 01/01/0000
releases/104-10161-10322.md                                   document_date    01/01/0000            → year 0 is out of range: 01/01/0000
releases/docid-32359052.md                                    document_date    01/01/0000            → year 0 is out of range: 01/01/0000
releases/104-10306-10025.md                                   document_date    01/01/0000            → year 0 is out of range: 01/01/0000
releases/104-10116-10223.md                                   document_date    01/01/0000            → year 0 is out of range: 01/01/0000
releases/104-10178-10152.md                                   document_date    01/01/0000            → year 0 is out of range: 01/01/0000
releases/104-10161-10347.md                                   document_date    01/01/0000            → year 0 is out of range: 01/01/0000
releases/104-10074-10141.md                                   document_date    09/10/0000            → year 0 is out of range: 09/10/0000
releases/104-10180-10012.md                                   document_date    01/01/0000            → year 0 is out of range: 01/01/0000
releases/104-10217-10184.md                                   document_date    01/01/0000            → year 0 is out of range: 01/01/0000
releases/180-10145-10227.md                                   document_date    03/00/1978            → day is out of range for month: 03/00/1978
releases/104-10164-10002.md                                   document_date    01/01/0000            → year 0 is out of range: 01/01/0000
releases/104-10112-10012.md                                   document_date    01/01/0000            → year 0 is out of range: 01/01/0000
releases/104-10117-10075.md                                   document_date    01/01/0000            → year 0 is out of range: 01/01/0000
releases/104-10227-10155.md                                   document_date    01/01/0000            → year 0 is out of range: 01/01/0000
releases/104-10120-10487.md                                   document_date    01/01/0000            → year 0 is out of range: 01/01/0000
releases/104-10165-10127.md                                   document_date    01/01/0000            → year 0 is out of range: 01/01/0000
releases/104-10217-10221.md                                   document_date    01/01/0000            → year 0 is out of range: 01/01/0000
releases/104-10181-10166.md                                   document_date    01/01/0000            → year 0 is out of range: 01/01/0000
releases/104-10161-10111.md                                   document_date    01/01/0000            → year 0 is out of range: 01/01/0000
releases/docid-32423624.md                                    document_date    00/00/1976            → month must be in 1..12: 00/00/1976
releases/104-10308-10006.md                                   document_date    01/01/0000            → year 0 is out of range: 01/01/0000
releases/104-10118-10022.md                                   document_date    01/01/0000            → year 0 is out of range: 01/01/0000
releases/104-10193-10161.md                                   document_date    01/01/0000            → year 0 is out of range: 01/01/0000
releases/104-10183-10089.md                                   document_date    01/01/0000            → year 0 is out of range: 01/01/0000
releases/104-10422-10054.md                                   document_date    01/01/0000            → year 0 is out of range: 01/01/0000
releases/104-10215-10098.md                                   document_date    01/01/0000            → year 0 is out of range: 01/01/0000
releases/104-10062-10121.md                                   document_date    01/01/0000            → year 0 is out of range: 01/01/0000
releases/104-10176-10005.md                                   document_date    01/01/0000            → year 0 is out of range: 01/01/0000
releases/104-10219-10031.md                                   document_date    03/03/0000            → year 0 is out of range: 03/03/0000
releases/104-10173-10132.md                                   document_date    01/01/0000            → year 0 is out of range: 01/01/0000
releases/104-10308-10080.md                                   document_date    01/01/0000            → year 0 is out of range: 01/01/0000
releases/104-10173-10163.md                                   document_date    01/01/0000            → year 0 is out of range: 01/01/0000
releases/docid-32356650.md                                    document_date    01/01/0000            → year 0 is out of range: 01/01/0000
releases/docid-32423562.md                                    document_date    00/00/1975            → month must be in 1..12: 00/00/1975
releases/157-10004-10136.md                                   document_date    00/00/1976            → month must be in 1..12: 00/00/1976
releases/104-10192-10227.md                                   document_date    01/01/0000            → year 0 is out of range: 01/01/0000
releases/104-10067-10156.md                                   document_date    01/01/0000            → year 0 is out of range: 01/01/0000
releases/104-10135-10322.md                                   document_date    01/01/0000            → year 0 is out of range: 01/01/0000
releases/104-10105-10211.md                                   document_date    09/09/0000            → year 0 is out of range: 09/09/0000
releases/104-10172-10106.md                                   document_date    01/01/0000            → year 0 is out of range: 01/01/0000
releases/104-10192-10031.md                                   document_date    01/01/0000            → year 0 is out of range: 01/01/0000
releases/docid-32392641.md                                    document_date    10/22/0000            → year 0 is out of range: 10/22/0000
releases/104-10219-10015.md                                   document_date    01/01/0000            → year 0 is out of range: 01/01/0000
releases/104-10176-10070.md                                   document_date    01/01/0000            → year 0 is out of range: 01/01/0000
releases/104-10308-10265.md                                   document_date    01/01/0000            → year 0 is out of range: 01/01/0000
releases/157-10005-10320.md                                   document_date    00/00/1976            → month must be in 1..12: 00/00/1976
releases/104-10177-10203.md                                   document_date    01/01/0000            → year 0 is out of range: 01/01/0000
releases/104-10234-10360.md                                   document_date    01/01/0000            → year 0 is out of range: 01/01/0000
releases/104-10224-10008.md                                   document_date    01/01/0000            → year 0 is out of range: 01/01/0000
releases/104-10110-10532.md                                   document_date    01/01/0000            → year 0 is out of range: 01/01/0000
releases/docid-32373011.md                                    document_date    01/01/0000            → year 0 is out of range: 01/01/0000
releases/104-10165-10077.md                                   document_date    01/01/0000            → year 0 is out of range: 01/01/0000
releases/104-10428-10151.md                                   document_date    01/01/0000            → year 0 is out of range: 01/01/0000
releases/180-10143-10467.md                                   document_date    00/00/1978            → month must be in 1..12: 00/00/1978
releases/104-10227-10005.md                                   document_date    01/01/0000            → year 0 is out of range: 01/01/0000
releases/104-10222-10033.md                                   document_date    01/01/0000            → year 0 is out of range: 01/01/0000
releases/104-10186-10421.md                                   document_date    01/01/0000            → year 0 is out of range: 01/01/0000
releases/104-10165-10084.md                                   document_date    01/01/0000            → year 0 is out of range: 01/01/0000
releases/104-10217-10013.md                                   document_date    01/01/0000            → year 0 is out of range: 01/01/0000
releases/104-10216-10382.md                                   document_date    01/01/0000            → year 0 is out of range: 01/01/0000
releases/docid-32353688.md                                    document_date    01/01/0000            → year 0 is out of range: 01/01/0000
releases/104-10261-10052.md                                   document_date    01/01/0000            → year 0 is out of range: 01/01/0000
releases/104-10181-10002.md                                   document_date    01/01/0000            → year 0 is out of range: 01/01/0000
releases/104-10515-10060.md                                   document_date    01/01/0000            → year 0 is out of range: 01/01/0000
releases/104-10514-10011.md                                   document_date    01/01/0000            → year 0 is out of range: 01/01/0000
releases/104-10185-10267.md                                   document_date    01/01/0000            → year 0 is out of range: 01/01/0000
releases/104-10174-10069.md                                   document_date    01/01/0000            → year 0 is out of range: 01/01/0000
releases/104-10167-10413.md                                   document_date    01/01/0000            → year 0 is out of range: 01/01/0000
releases/104-10113-10387.md                                   document_date    01/01/0000            → year 0 is out of range: 01/01/0000
releases/104-10255-10143.md                                   document_date    01/01/0000            → year 0 is out of range: 01/01/0000
releases/104-10180-10200.md                                   document_date    01/01/0000            → year 0 is out of range: 01/01/0000
releases/104-10180-10191.md                                   document_date    01/01/0000            → year 0 is out of range: 01/01/0000
releases/104-10165-10123.md                                   document_date    01/01/0000            → year 0 is out of range: 01/01/0000
releases/104-10217-10225.md                                   document_date    01/01/0000            → year 0 is out of range: 01/01/0000
releases/docid-32373005.md                                    document_date    01/01/0000            → year 0 is out of range: 01/01/0000
releases/104-10227-10011.md                                   document_date    01/01/0000            → year 0 is out of range: 01/01/0000
releases/104-10180-10133.md                                   document_date    01/01/0000            → year 0 is out of range: 01/01/0000
releases/104-10167-10427.md                                   document_date    01/01/0000            → year 0 is out of range: 01/01/0000
releases/104-10431-10006.md                                   document_date    01/01/0000            → year 0 is out of range: 01/01/0000
releases/104-10110-10621.md                                   document_date    01/01/0000            → year 0 is out of range: 01/01/0000
releases/104-10181-10107.md                                   document_date    01/01/0000            → year 0 is out of range: 01/01/0000
releases/104-10178-10334.md                                   document_date    01/01/0000            → year 0 is out of range: 01/01/0000
releases/104-10222-10042.md                                   document_date    01/01/0000            → year 0 is out of range: 01/01/0000
releases/104-10247-10061.md                                   document_date    01/01/0000            → year 0 is out of range: 01/01/0000
releases/docid-32399234.md                                    document_date    01/01/0000            → year 0 is out of range: 01/01/0000
releases/104-10192-10233.md                                   document_date    01/01/0000            → year 0 is out of range: 01/01/0000
releases/104-10189-10456.md                                   document_date    01/01/0000            → year 0 is out of range: 01/01/0000
releases/104-10218-10035.md                                   document_date    01/01/0000            → year 0 is out of range: 01/01/0000
releases/104-10247-10092.md                                   document_date    01/01/0000            → year 0 is out of range: 01/01/0000
releases/docid-32401308.md                                    document_date    01/01/0000            → year 0 is out of range: 01/01/0000
releases/104-10177-10217.md                                   document_date    01/01/0000            → year 0 is out of range: 01/01/0000
releases/104-10067-10245.md                                   document_date    01/01/0000            → year 0 is out of range: 01/01/0000
releases/104-10196-10042.md                                   document_date    01/01/0000            → year 0 is out of range: 01/01/0000
releases/docid-32423542.md                                    document_date    06/00/1975            → day is out of range for month: 06/00/1975
releases/104-10193-10165.md                                   document_date    01/01/0000            → year 0 is out of range: 01/01/0000
releases/157-10004-10147.md                                   document_date    00/00/1976            → month must be in 1..12: 00/00/1976
releases/docid-32373478.md                                    document_date    01/01/0000            → year 0 is out of range: 01/01/0000
releases/104-10172-10112.md                                   document_date    01/01/0000            → year 0 is out of range: 01/01/0000
releases/104-10177-10134.md                                   document_date    01/01/0000            → year 0 is out of range: 01/01/0000
releases/104-10218-10011.md                                   document_date    01/01/0000            → year 0 is out of range: 01/01/0000
releases/104-10119-10176.md                                   document_date    11/25/0000            → year 0 is out of range: 11/25/0000
releases/104-10173-10102.md                                   document_date    01/01/0000            → year 0 is out of range: 01/01/0000
releases/104-10219-10040.md                                   document_date    01/01/0000            → year 0 is out of range: 01/01/0000
releases/docid-32356660.md                                    document_date    01/01/0000            → year 0 is out of range: 01/01/0000
releases/104-10187-10009.md                                   document_date    01/01/0000            → year 0 is out of range: 01/01/0000
releases/104-10186-10398.md                                   document_date    01/01/0000            → year 0 is out of range: 01/01/0000
releases/104-10192-10110.md                                   document_date    01/01/0000            → year 0 is out of range: 01/01/0000
releases/104-10173-10167.md                                   document_date    01/01/0000            → year 0 is out of range: 01/01/0000
releases/157-10004-10132.md                                   document_date    00/00/1976            → month must be in 1..12: 00/00/1976
releases/104-10230-10004.md                                   document_date    01/01/0000            → year 0 is out of range: 01/01/0000
releases/104-10131-10072.md                                   document_date    01/01/0000            → year 0 is out of range: 01/01/0000
releases/157-10014-10138.md                                   document_date    00/00/1975            → month must be in 1..12: 00/00/1975
releases/104-10164-10047.md                                   document_date    01/01/0000            → year 0 is out of range: 01/01/0000
releases/104-10217-10190.md                                   document_date    08/11/0000            → year 0 is out of range: 08/11/0000
releases/104-10290-10198.md                                   document_date    01/01/0000            → year 0 is out of range: 01/01/0000
releases/104-10165-10016.md                                   document_date    01/01/0000            → year 0 is out of range: 01/01/0000
releases/104-10306-10020.md                                   document_date    01/01/0000            → year 0 is out of range: 01/01/0000
releases/104-10435-10071.md                                   document_date    01/01/0000            → year 0 is out of range: 01/01/0000
releases/104-10112-10275.md                                   document_date    01/01/0000            → year 0 is out of range: 01/01/0000
releases/104-10051-10278.md                                   document_date    01/01/0000            → year 0 is out of range: 01/01/0000
releases/docid-32373015.md                                    document_date    01/01/0000            → year 0 is out of range: 01/01/0000
releases/104-10149-10035.md                                   document_date    01/01/0000            → year 0 is out of range: 01/01/0000
releases/docid-32391051.md                                    document_date    01/01/0000            → year 0 is out of range: 01/01/0000
releases/104-10165-10133.md                                   document_date    01/01/0000            → year 0 is out of range: 01/01/0000
releases/104-10217-10017.md                                   document_date    01/01/0000            → year 0 is out of range: 01/01/0000
releases/104-10180-10210.md                                   document_date    01/01/0000            → year 0 is out of range: 01/01/0000
releases/104-10515-10050.md                                   document_date    01/01/0000            → year 0 is out of range: 01/01/0000
releases/104-10006-10240.md                                   document_date    01/01/0000            → year 0 is out of range: 01/01/0000
releases/104-10074-10161.md                                   document_date    01/01/0000            → year 0 is out of range: 01/01/0000
releases/104-10161-10327.md                                   document_date    01/01/0000            → year 0 is out of range: 01/01/0000
releases/104-10215-10246.md                                   document_date    01/01/0000            → year 0 is out of range: 01/01/0000
releases/104-10163-10176.md                                   document_date    01/01/0000            → year 0 is out of range: 01/01/0000
releases/104-10229-10028.md                                   document_date    01/01/0000            → year 0 is out of range: 01/01/0000
releases/104-10256-10302.md                                   document_date    02/09/0000            → year 0 is out of range: 02/09/0000
releases/104-10187-10026.md                                   document_date    01/01/0000            → year 0 is out of range: 01/01/0000
releases/104-10183-10150.md                                   document_date    12/04/0000            → year 0 is out of range: 12/04/0000
releases/104-10125-10183.md                                   document_date    01/01/0000            → year 0 is out of range: 01/01/0000
releases/104-10210-10037.md                                   document_date    01/01/0000            → year 0 is out of range: 01/01/0000
releases/104-10335-10014.md                                   document_date    01/01/0000            → year 0 is out of range: 01/01/0000
releases/104-10186-10370.md                                   document_date    01/01/0000            → year 0 is out of range: 01/01/0000
releases/104-10527-10001.md                                   document_date    01/01/0000            → year 0 is out of range: 01/01/0000
releases/104-10187-10012.md                                   document_date    01/01/0000            → year 0 is out of range: 01/01/0000
releases/docid-32356688.md                                    document_date    01/01/0000            → year 0 is out of range: 01/01/0000
releases/104-10516-10235.md                                   document_date    01/01/0000            → year 0 is out of range: 01/01/0000
releases/104-10243-10128.md                                   document_date    01/01/0000            → year 0 is out of range: 01/01/0000
releases/104-10245-10002.md                                   document_date    01/01/0000            → year 0 is out of range: 01/01/0000
releases/104-10165-10128.md                                   document_date    01/01/0000            → year 0 is out of range: 01/01/0000
releases/docid-32397546.md                                    document_date    01/01/0000            → year 0 is out of range: 01/01/0000
releases/104-10169-10032.md                                   document_date    01/01/0000            → year 0 is out of range: 01/01/0000
releases/104-10175-10180.md                                   document_date    01/01/0000            → year 0 is out of range: 01/01/0000
releases/104-10050-10232.md                                   document_date    01/01/0000            → year 0 is out of range: 01/01/0000
releases/104-10268-10015.md                                   document_date    01/01/0000            → year 0 is out of range: 01/01/0000
releases/180-10110-10485.md                                   document_date    00/00/1978            → month must be in 1..12: 00/00/1978
releases/104-10232-10026.md                                   document_date    01/01/0000            → year 0 is out of range: 01/01/0000
releases/104-10106-10312.md                                   document_date    01/01/0000            → year 0 is out of range: 01/01/0000
releases/104-10175-10033.md                                   document_date    01/01/0000            → year 0 is out of range: 01/01/0000
releases/104-10133-10281.md                                   document_date    01/01/0000            → year 0 is out of range: 01/01/0000
releases/104-10102-10235.md                                   document_date    01/01/0000            → year 0 is out of range: 01/01/0000
releases/104-10174-10062.md                                   document_date    01/01/0000            → year 0 is out of range: 01/01/0000
releases/104-10439-10115.md                                   document_date    01/01/0000            → year 0 is out of range: 01/01/0000
releases/104-10291-10004.md                                   document_date    01/01/0000            → year 0 is out of range: 01/01/0000
releases/104-10194-10015.md                                   document_date    01/01/0000            → year 0 is out of range: 01/01/0000
releases/104-10068-10188.md                                   document_date    01/01/0000            → year 0 is out of range: 01/01/0000
releases/docid-32397463.md                                    document_date    04/25/0000            → year 0 is out of range: 04/25/0000
releases/104-10275-10313.md                                   document_date    01/01/0000            → year 0 is out of range: 01/01/0000
releases/104-10073-10448.md                                   document_date    01/01/0000            → year 0 is out of range: 01/01/0000
releases/104-10188-10020.md                                   document_date    01/01/0000            → year 0 is out of range: 01/01/0000
releases/104-10175-10056.md                                   document_date    01/01/0000            → year 0 is out of range: 01/01/0000
releases/104-10236-10075.md                                   document_date    01/01/0000            → year 0 is out of range: 01/01/0000
releases/157-10002-10003.md                                   document_date    05/00/1975            → day is out of range for month: 05/00/1975
releases/104-10195-10021.md                                   document_date    01/01/0000            → year 0 is out of range: 01/01/0000
releases/docid-32202180.md                                    document_date    00/00/1975            → month must be in 1..12: 00/00/1975
releases/104-10510-10148.md                                   document_date    01/01/0000            → year 0 is out of range: 01/01/0000
releases/104-10061-10080.md                                   document_date    01/01/0000            → year 0 is out of range: 01/01/0000
releases/docid-32392207.md                                    document_date    01/01/0000            → year 0 is out of range: 01/01/0000
releases/docid-32397473.md                                    document_date    01/01/0000            → year 0 is out of range: 01/01/0000
releases/104-10133-10207.md                                   document_date    01/01/0000            → year 0 is out of range: 01/01/0000
releases/104-10291-10014.md                                   document_date    01/01/0000            → year 0 is out of range: 01/01/0000
releases/157-10002-10027.md                                   document_date    00/00/1975            → month must be in 1..12: 00/00/1975
releases/104-10174-10072.md                                   document_date    01/01/0000            → year 0 is out of range: 01/01/0000
releases/104-10055-10036.md                                   document_date    01/01/0000            → year 0 is out of range: 01/01/0000
releases/104-10050-10000.md                                   document_date    01/01/0000            → year 0 is out of range: 01/01/0000
releases/104-10169-10340.md                                   document_date    01/01/0000            → year 0 is out of range: 01/01/0000
releases/104-10268-10005.md                                   document_date    01/01/0000            → year 0 is out of range: 01/01/0000
releases/104-10165-10029.md                                   document_date    01/01/0000            → year 0 is out of range: 01/01/0000
releases/198-10007-10008.md                                   document_date    02/00/1963            → day is out of range for month: 02/00/1963
releases/104-10180-10039.md                                   document_date    01/01/0000            → year 0 is out of range: 01/01/0000
releases/104-10225-10007.md                                   document_date    01/01/0000            → year 0 is out of range: 01/01/0000
releases/104-10224-10007.md                                   document_date    01/01/0000            → year 0 is out of range: 01/01/0000
releases/104-10187-10002.md                                   document_date    01/01/0000            → year 0 is out of range: 01/01/0000
releases/104-10186-10393.md                                   document_date    01/01/0000            → year 0 is out of range: 01/01/0000
releases/104-10220-10302.md                                   document_date    01/01/0000            → year 0 is out of range: 01/01/0000
releases/104-10172-10109.md                                   document_date    01/01/0000            → year 0 is out of range: 01/01/0000
releases/104-10167-10346.md                                   document_date    01/01/0000            → year 0 is out of range: 01/01/0000
releases/104-10436-10084.md                                   document_date    01/01/0000            → year 0 is out of range: 01/01/0000
releases/104-10183-10000.md                                   document_date    01/01/0000            → year 0 is out of range: 01/01/0000
releases/157-10011-10014.md                                   document_date    06/00/1975            → day is out of range for month: 06/00/1975
releases/104-10209-10164.md                                   document_date    01/01/0000            → year 0 is out of range: 01/01/0000
releases/104-10182-10140.md                                   document_date    01/01/0000            → year 0 is out of range: 01/01/0000
releases/104-10182-10000.md                                   document_date    01/01/0000            → year 0 is out of range: 01/01/0000
releases/104-10209-10024.md                                   document_date    01/01/0000            → year 0 is out of range: 01/01/0000
releases/docid-32352134.md                                    document_date    01/01/0000            → year 0 is out of range: 01/01/0000
releases/104-10177-10238.md                                   document_date    01/01/0000            → year 0 is out of range: 01/01/0000
releases/104-10167-10372.md                                   document_date    01/01/0000            → year 0 is out of range: 01/01/0000
releases/104-10111-10065.md                                   document_date    01/01/0000            → year 0 is out of range: 01/01/0000
releases/docid-32391442.md                                    document_date    01/01/0000            → year 0 is out of range: 01/01/0000
releases/104-10209-10086.md                                   document_date    01/01/0000            → year 0 is out of range: 01/01/0000
releases/104-10111-10105.md                                   document_date    01/01/0000            → year 0 is out of range: 01/01/0000
releases/104-10183-10313.md                                   document_date    01/01/0000            → year 0 is out of range: 01/01/0000
releases/104-10433-10170.md                                   document_date    01/01/0000            → year 0 is out of range: 01/01/0000
releases/104-10111-10045.md                                   document_date    01/01/0000            → year 0 is out of range: 01/01/0000
releases/104-10182-10131.md                                   document_date    01/01/0000            → year 0 is out of range: 01/01/0000
releases/104-10224-10013.md                                   document_date    01/01/0000            → year 0 is out of range: 01/01/0000
releases/178-10003-10394.md                                   document_date    00/00/1975            → month must be in 1..12: 00/00/1975
releases/104-10433-10212.md                                   document_date    01/01/0000            → year 0 is out of range: 01/01/0000
releases/104-10182-10071.md                                   document_date    01/01/0000            → year 0 is out of range: 01/01/0000
releases/104-10187-10156.md                                   document_date    01/01/0000            → year 0 is out of range: 01/01/0000
releases/104-10105-10168.md                                   document_date    01/01/0000            → year 0 is out of range: 01/01/0000
releases/104-10413-10049.md                                   document_date    01/01/0000            → year 0 is out of range: 01/01/0000
releases/104-10111-10071.md                                   document_date    01/01/0000            → year 0 is out of range: 01/01/0000
releases/104-10436-10032.md                                   document_date    01/01/0000            → year 0 is out of range: 01/01/0000
releases/104-10162-10241.md                                   document_date    01/01/0000            → year 0 is out of range: 01/01/0000
releases/docid-32371546.md                                    document_date    01/01/0000            → year 0 is out of range: 01/01/0000
releases/104-10189-10459.md                                   document_date    01/01/0000            → year 0 is out of range: 01/01/0000
releases/104-10188-10459.md                                   document_date    01/01/0000            → year 0 is out of range: 01/01/0000
releases/104-10215-10213.md                                   document_date    01/01/0000            → year 0 is out of range: 01/01/0000
releases/104-10163-10123.md                                   document_date    01/01/0000            → year 0 is out of range: 01/01/0000
releases/104-10225-10027.md                                   document_date    01/01/0000            → year 0 is out of range: 01/01/0000
releases/104-10169-10282.md                                   document_date    01/01/0000            → year 0 is out of range: 01/01/0000
releases/198-10007-10028.md                                   document_date    03/00/1963            → day is out of range for month: 03/00/1963
releases/104-10188-10164.md                                   document_date    01/01/0000            → year 0 is out of range: 01/01/0000
releases/104-10169-10142.md                                   document_date    01/01/0000            → year 0 is out of range: 01/01/0000
releases/docid-32397527.md                                    document_date    01/01/0000            → year 0 is out of range: 01/01/0000
releases/104-10181-10108.md                                   document_date    01/01/0000            → year 0 is out of range: 01/01/0000
releases/docid-32202184.md                                    document_date    00/14/1976            → month must be in 1..12: 00/14/1976
releases/104-10194-10025.md                                   document_date    01/01/0000            → year 0 is out of range: 01/01/0000
releases/104-10227-10088.md                                   document_date    01/01/0000            → year 0 is out of range: 01/01/0000
releases/docid-32399646.md                                    document_date    01/01/0000            → year 0 is out of range: 01/01/0000
releases/104-10175-10184.md                                   document_date    01/01/0000            → year 0 is out of range: 01/01/0000
releases/docid-32397513.md                                    document_date    01/01/0000            → year 0 is out of range: 01/01/0000
releases/104-10130-10475.md                                   document_date    01/01/0000            → year 0 is out of range: 01/01/0000
releases/104-10268-10011.md                                   document_date    01/01/0000            → year 0 is out of range: 01/01/0000
releases/104-10188-10010.md                                   document_date    01/01/0000            → year 0 is out of range: 01/01/0000
releases/104-10245-10006.md                                   document_date    01/01/0000            → year 0 is out of range: 01/01/0000
releases/104-10065-10174.md                                   document_date    01/01/0000            → year 0 is out of range: 01/01/0000
releases/104-10510-10079.md                                   document_date    01/01/0000            → year 0 is out of range: 01/01/0000
releases/104-10241-10183.md                                   document_date    01/01/0000            → year 0 is out of range: 01/01/0000
releases/104-10291-10000.md                                   document_date    01/01/0000            → year 0 is out of range: 01/01/0000
releases/104-10055-10032.md                                   document_date    01/01/0000            → year 0 is out of range: 01/01/0000
releases/104-10171-10151.md                                   document_date    01/01/0000            → year 0 is out of range: 01/01/0000
releases/104-10065-10086.md                                   document_date    01/01/0000            → year 0 is out of range: 01/01/0000
releases/104-10291-10010.md                                   document_date    01/01/0000            → year 0 is out of range: 01/01/0000
releases/104-10217-10018.md                                   document_date    01/01/0000            → year 0 is out of range: 01/01/0000
releases/104-10194-10001.md                                   document_date    01/01/0000            → year 0 is out of range: 01/01/0000
releases/docid-32202042.md                                    document_date    00/00/1975            → month must be in 1..12: 00/00/1975
releases/104-10175-10085.md                                   document_date    01/01/0000            → year 0 is out of range: 01/01/0000
releases/104-10188-10000.md                                   document_date    01/01/0000            → year 0 is out of range: 01/01/0000
releases/104-10268-10001.md                                   document_date    01/01/0000            → year 0 is out of range: 01/01/0000
releases/104-10050-10226.md                                   document_date    01/01/0000            → year 0 is out of range: 01/01/0000
releases/104-10222-10038.md                                   document_date    01/01/0000            → year 0 is out of range: 01/01/0000
releases/104-10178-10158.md                                   document_date    01/01/0000            → year 0 is out of range: 01/01/0000
releases/104-10132-10021.md                                   document_date    01/01/0000            → year 0 is out of range: 01/01/0000
releases/docid-32397477.md                                    document_date    01/01/0000            → year 0 is out of range: 01/01/0000
releases/104-10145-10114.md                                   document_date    01/01/0000            → year 0 is out of range: 01/01/0000
releases/104-10164-10108.md                                   document_date    01/01/0000            → year 0 is out of range: 01/01/0000
releases/104-10187-10063.md                                   document_date    01/01/0000            → year 0 is out of range: 01/01/0000
releases/180-10142-10087.md                                   document_date    00/00/1978            → month must be in 1..12: 00/00/1978
releases/157-10011-10010.md                                   document_date    06/00/1975            → day is out of range for month: 06/00/1975
releases/104-10516-10244.md                                   document_date    01/01/0000            → year 0 is out of range: 01/01/0000
releases/104-10182-10004.md                                   document_date    01/01/0000            → year 0 is out of range: 01/01/0000
releases/104-10183-10366.md                                   document_date    01/01/0000            → year 0 is out of range: 01/01/0000
releases/104-10215-10161.md                                   document_date    01/01/0000            → year 0 is out of range: 01/01/0000
releases/104-10073-10070.md                                   document_date    01/01/0000            → year 0 is out of range: 01/01/0000
releases/104-10167-10376.md                                   document_date    07/19/0000            → year 0 is out of range: 07/19/0000
releases/104-10121-10204.md                                   document_date    01/01/0000            → year 0 is out of range: 01/01/0000
releases/104-10177-10259.md                                   document_date    01/01/0000            → year 0 is out of range: 01/01/0000
releases/docid-32401317.md                                    document_date    01/01/0000            → year 0 is out of range: 01/01/0000
releases/docid-32338854.md                                    document_date    03/00/1947            → day is out of range for month: 03/00/1947
releases/104-10310-10259.md                                   document_date    01/01/0000            → year 0 is out of range: 01/01/0000
releases/104-10225-10003.md                                   document_date    01/01/0000            → year 0 is out of range: 01/01/0000
releases/104-10224-10003.md                                   document_date    01/01/0000            → year 0 is out of range: 01/01/0000
releases/104-10166-10160.md                                   document_date    01/01/0000            → year 0 is out of range: 01/01/0000
releases/104-10182-10303.md                                   document_date    01/01/0000            → year 0 is out of range: 01/01/0000
releases/104-10183-10092.md                                   document_date    01/01/0000            → year 0 is out of range: 01/01/0000
releases/104-10096-10145.md                                   document_date    01/01/0000            → year 0 is out of range: 01/01/0000
releases/178-10002-10266.md                                   document_date    05/00/1975            → day is out of range for month: 05/00/1975
releases/104-10220-10097.md                                   document_date    01/01/0000            → year 0 is out of range: 01/01/0000
releases/104-10110-10015.md                                   document_date    05/28/0000            → year 0 is out of range: 05/28/0000
releases/104-10210-10032.md                                   document_date    01/01/0000            → year 0 is out of range: 01/01/0000
releases/104-10256-10391.md                                   document_date    01/01/0000            → year 0 is out of range: 01/01/0000
releases/104-10114-10163.md                                   document_date    01/01/0000            → year 0 is out of range: 01/01/0000
releases/104-10166-10242.md                                   document_date    01/01/0000            → year 0 is out of range: 01/01/0000
releases/104-10111-10104.md                                   document_date    01/01/0000            → year 0 is out of range: 01/01/0000
releases/104-10072-10055.md                                   document_date    01/01/0000            → year 0 is out of range: 01/01/0000
releases/104-10224-10012.md                                   document_date    01/01/0000            → year 0 is out of range: 01/01/0000
releases/104-10506-10018.md                                   document_date    08/23/0000            → year 0 is out of range: 08/23/0000
releases/104-10177-10219.md                                   document_date    01/01/0000            → year 0 is out of range: 01/01/0000
releases/104-10225-10012.md                                   document_date    01/01/0000            → year 0 is out of range: 01/01/0000
releases/104-10166-10120.md                                   document_date    01/01/0000            → year 0 is out of range: 01/01/0000
releases/104-10187-10157.md                                   document_date    01/01/0000            → year 0 is out of range: 01/01/0000
releases/104-10187-10017.md                                   document_date    01/01/0000            → year 0 is out of range: 01/01/0000
releases/104-10516-10261.md                                   document_date    01/01/0000            → year 0 is out of range: 01/01/0000
releases/194-10001-10430.md                                   document_date    00/00/00              → month must be in 1..12: 00/00/00
releases/104-10413-10048.md                                   document_date    01/01/0000            → year 0 is out of range: 01/01/0000
releases/104-10187-10081.md                                   document_date    01/01/0000            → year 0 is out of range: 01/01/0000
releases/104-10189-10458.md                                   document_date    01/01/0000            → year 0 is out of range: 01/01/0000
releases/104-10173-10128.md                                   document_date    01/01/0000            → year 0 is out of range: 01/01/0000
releases/104-10196-10029.md                                   document_date    01/01/0000            → year 0 is out of range: 01/01/0000
releases/104-10096-10131.md                                   document_date    01/01/0000            → year 0 is out of range: 01/01/0000
releases/104-10215-10212.md                                   document_date    01/01/0000            → year 0 is out of range: 01/01/0000
releases/docid-32401332.md                                    document_date    01/01/0000            → year 0 is out of range: 01/01/0000
releases/104-10522-10006.md                                   document_date    01/01/0000            → year 0 is out of range: 01/01/0000
releases/docid-32273595.md                                    document_date    03/00/1979            → day is out of range for month: 03/00/1979
releases/104-10163-10173.md                                   document_date    01/01/0000            → year 0 is out of range: 01/01/0000
releases/104-10301-10005.md                                   document_date    01/01/0000            → year 0 is out of range: 01/01/0000
releases/104-10169-10283.md                                   document_date    01/01/0000            → year 0 is out of range: 01/01/0000
releases/104-10180-10158.md                                   document_date    01/01/0000            → year 0 is out of range: 01/01/0000
releases/104-10006-10299.md                                   document_date    01/01/0000            → year 0 is out of range: 01/01/0000
releases/104-10165-10119.md                                   document_date    01/01/0000            → year 0 is out of range: 01/01/0000
releases/104-10188-10025.md                                   document_date    01/01/0000            → year 0 is out of range: 01/01/0000
releases/104-10528-10127.md                                   document_date    01/01/0000            → year 0 is out of range: 01/01/0000
releases/104-10194-10024.md                                   document_date    01/01/0000            → year 0 is out of range: 01/01/0000
releases/104-10290-10035.md                                   document_date    01/01/0000            → year 0 is out of range: 01/01/0000
releases/104-10170-10125.md                                   document_date    01/01/0000            → year 0 is out of range: 01/01/0000
releases/104-10268-10010.md                                   document_date    01/01/0000            → year 0 is out of range: 01/01/0000
releases/104-10291-10001.md                                   document_date    01/01/0000            → year 0 is out of range: 01/01/0000
releases/104-10174-10127.md                                   document_date    01/01/0000            → year 0 is out of range: 01/01/0000
releases/104-10175-10176.md                                   document_date    01/01/0000            → year 0 is out of range: 01/01/0000
releases/docid-32353604.md                                    document_date    01/01/0000            → year 0 is out of range: 01/01/0000
releases/104-10113-10109.md                                   document_date    01/01/0000            → year 0 is out of range: 01/01/0000
releases/104-10171-10150.md                                   document_date    01/01/0000            → year 0 is out of range: 01/01/0000
releases/104-10217-10019.md                                   document_date    01/01/0000            → year 0 is out of range: 01/01/0000
releases/104-10510-10128.md                                   document_date    01/01/0000            → year 0 is out of range: 01/01/0000
releases/104-10291-10011.md                                   document_date    01/01/0000            → year 0 is out of range: 01/01/0000
releases/104-10102-10220.md                                   document_date    01/01/0000            → year 0 is out of range: 01/01/0000
releases/104-10188-10001.md                                   document_date    01/01/0000            → year 0 is out of range: 01/01/0000
releases/104-10130-10464.md                                   document_date    01/01/0000            → year 0 is out of range: 01/01/0000
releases/104-10268-10000.md                                   document_date    01/01/0000            → year 0 is out of range: 01/01/0000
releases/180-10145-10209.md                                   document_date    02/00/1978            → day is out of range for month: 02/00/1978
releases/104-10106-10333.md                                   document_date    01/01/0000            → year 0 is out of range: 01/01/0000
releases/104-10236-10031.md                                   document_date    01/01/0000            → year 0 is out of range: 01/01/0000
releases/docid-32397476.md                                    document_date    01/01/0000            → year 0 is out of range: 01/01/0000
releases/docid-32272267.md                                    document_date    00/00/1978            → month must be in 1..12: 00/00/1978
releases/104-10245-10023.md                                   document_date    01/01/0000            → year 0 is out of range: 01/01/0000
releases/104-10006-10289.md                                   document_date    01/01/0000            → year 0 is out of range: 01/01/0000
releases/104-10061-10167.md                                   document_date    01/01/0000            → year 0 is out of range: 01/01/0000
releases/104-10164-10109.md                                   document_date    01/01/0000            → year 0 is out of range: 01/01/0000
releases/104-10166-10155.md                                   document_date    01/01/0000            → year 0 is out of range: 01/01/0000
releases/157-10011-10011.md                                   document_date    06/00/1975            → day is out of range for month: 06/00/1975
releases/104-10215-10202.md                                   document_date    01/01/0000            → year 0 is out of range: 01/01/0000
releases/104-10516-10245.md                                   document_date    01/01/0000            → year 0 is out of range: 01/01/0000
releases/104-10173-10169.md                                   document_date    01/01/0000            → year 0 is out of range: 01/01/0000
releases/104-10111-10060.md                                   document_date    01/01/0000            → year 0 is out of range: 01/01/0000
releases/104-10120-10345.md                                   document_date    01/01/0000            → year 0 is out of range: 01/01/0000
releases/104-10121-10205.md                                   document_date    01/01/0000            → year 0 is out of range: 01/01/0000
releases/104-10177-10258.md                                   document_date    01/01/0000            → year 0 is out of range: 01/01/0000
releases/104-10120-10293.md                                   document_date    01/01/0000            → year 0 is out of range: 01/01/0000
releases/157-10014-10102.md                                   document_date    00/00/1975            → month must be in 1..12: 00/00/1975
releases/104-10163-10017.md                                   document_date    01/01/0000            → year 0 is out of range: 01/01/0000
releases/104-10209-10295.md                                   document_date    01/01/0000            → year 0 is out of range: 01/01/0000
releases/104-10229-10009.md                                   document_date    01/01/0000            → year 0 is out of range: 01/01/0000
releases/104-10224-10002.md                                   document_date    01/01/0000            → year 0 is out of range: 01/01/0000
releases/104-10186-10334.md                                   document_date    01/01/0000            → year 0 is out of range: 01/01/0000
releases/157-10005-10159.md                                   document_date    00/00/1975            → month must be in 1..12: 00/00/1975
releases/docid-32371543.md                                    document_date    01/01/0000            → year 0 is out of range: 01/01/0000
releases/104-10214-10034.md                                   document_date    01/01/0000            → year 0 is out of range: 01/01/0000
releases/104-10211-10002.md                                   document_date    01/01/0000            → year 0 is out of range: 01/01/0000
releases/104-10533-10008.md                                   document_date    01/01/0000            → year 0 is out of range: 01/01/0000
releases/104-10215-10125.md                                   document_date    01/01/0000            → year 0 is out of range: 01/01/0000
releases/docid-32371512.md                                    document_date    01/01/0000            → year 0 is out of range: 01/01/0000
releases/194-10001-10434.md                                   document_date    05/00/1966            → day is out of range for month: 05/00/1966
releases/157-10004-10068.md                                   document_date    00/00/1976            → month must be in 1..12: 00/00/1976
releases/104-10266-10026.md                                   document_date    01/01/0000            → year 0 is out of range: 01/01/0000
releases/104-10215-10096.md                                   document_date    01/01/0000            → year 0 is out of range: 01/01/0000
releases/104-10187-10027.md                                   document_date    01/01/0000            → year 0 is out of range: 01/01/0000
releases/157-10011-10005.md                                   document_date    06/00/1975            → day is out of range for month: 06/00/1975
releases/104-10108-10026.md                                   document_date    01/01/0000            → year 0 is out of range: 01/01/0000
releases/104-10220-10131.md                                   document_date    01/01/0000            → year 0 is out of range: 01/01/0000
releases/104-10516-10265.md                                   document_date    01/01/0000            → year 0 is out of range: 01/01/0000
releases/docid-32346883.md                                    document_date    01/01/0000            → year 0 is out of range: 01/01/0000
releases/104-10162-10003.md                                   document_date    01/01/0000            → year 0 is out of range: 01/01/0000
releases/104-10166-10035.md                                   document_date    01/01/0000            → year 0 is out of range: 01/01/0000
releases/104-10188-10015.md                                   document_date    01/01/0000            → year 0 is out of range: 01/01/0000
releases/104-10245-10003.md                                   document_date    01/01/0000            → year 0 is out of range: 01/01/0000
releases/104-10050-10233.md                                   document_date    01/01/0000            → year 0 is out of range: 01/01/0000
releases/104-10175-10181.md                                   document_date    01/01/0000            → year 0 is out of range: 01/01/0000
releases/104-10268-10014.md                                   document_date    01/01/0000            → year 0 is out of range: 01/01/0000
releases/104-10174-10032.md                                   document_date    05/04/0000            → year 0 is out of range: 05/04/0000
releases/104-10528-10224.md                                   document_date    01/01/0000            → year 0 is out of range: 01/01/0000
releases/104-10418-10019.md                                   document_date    01/01/0000            → year 0 is out of range: 01/01/0000
releases/104-10194-10014.md                                   document_date    01/01/0000            → year 0 is out of range: 01/01/0000
releases/104-10291-10005.md                                   document_date    01/01/0000            → year 0 is out of range: 01/01/0000
releases/104-10222-10019.md                                   document_date    01/01/0000            → year 0 is out of range: 01/01/0000
releases/104-10145-10381.md                                   document_date    01/01/0000            → year 0 is out of range: 01/01/0000
releases/104-10171-10092.md                                   document_date    01/01/0000            → year 0 is out of range: 01/01/0000
releases/104-10171-10061.md                                   document_date    09/13/0000            → year 0 is out of range: 09/13/0000
releases/104-10112-10168.md                                   document_date    01/01/0000            → year 0 is out of range: 01/01/0000
releases/104-10170-10121.md                                   document_date    01/01/0000            → year 0 is out of range: 01/01/0000
releases/104-10169-10225.md                                   document_date    01/01/0000            → year 0 is out of range: 01/01/0000
releases/104-10049-10230.md                                   document_date    01/01/0000            → year 0 is out of range: 01/01/0000
releases/104-10217-10128.md                                   document_date    01/01/0000            → year 0 is out of range: 01/01/0000
releases/docid-32397481.md                                    document_date    01/01/0000            → year 0 is out of range: 01/01/0000
releases/104-10079-10014.md                                   document_date    01/01/0000            → year 0 is out of range: 01/01/0000
releases/104-10136-10370.md                                   document_date    01/01/0000            → year 0 is out of range: 01/01/0000
releases/104-10168-10017.md                                   document_date    12/27/0000            → year 0 is out of range: 12/27/0000
releases/104-10178-10078.md                                   document_date    01/01/0000            → year 0 is out of range: 01/01/0000
releases/104-10195-10004.md                                   document_date    01/01/0000            → year 0 is out of range: 01/01/0000
releases/104-10050-10001.md                                   document_date    01/01/0000            → year 0 is out of range: 01/01/0000
releases/104-10268-10004.md                                   document_date    01/01/0000            → year 0 is out of range: 01/01/0000
releases/104-10165-10079.md                                   document_date    01/01/0000            → year 0 is out of range: 01/01/0000
releases/104-10181-10038.md                                   document_date    01/01/0000            → year 0 is out of range: 01/01/0000
releases/198-10006-10009.md                                   document_date    03/00/1963            → day is out of range for month: 03/00/1963
releases/104-10181-10178.md                                   document_date    01/01/0000            → year 0 is out of range: 01/01/0000
releases/104-10245-10013.md                                   document_date    01/01/0000            → year 0 is out of range: 01/01/0000
releases/104-10165-10139.md                                   document_date    01/01/0000            → year 0 is out of range: 01/01/0000
releases/104-10225-10006.md                                   document_date    01/01/0000            → year 0 is out of range: 01/01/0000
releases/104-10224-10006.md                                   document_date    01/01/0000            → year 0 is out of range: 01/01/0000
releases/104-10187-10003.md                                   document_date    01/01/0000            → year 0 is out of range: 01/01/0000
releases/157-10008-10234.md                                   document_date    00/00/1976            → month must be in 1..12: 00/00/1976
releases/104-10308-10298.md                                   document_date    01/01/0000            → year 0 is out of range: 01/01/0000
releases/104-10166-10134.md                                   document_date    01/01/0000            → year 0 is out of range: 01/01/0000
releases/104-10172-10108.md                                   document_date    01/01/0000            → year 0 is out of range: 01/01/0000
releases/104-10172-10299.md                                   document_date    01/01/0000            → year 0 is out of range: 01/01/0000
releases/104-10086-10279.md                                   document_date    01/01/0000            → year 0 is out of range: 01/01/0000
releases/104-10167-10316.md                                   document_date    01/01/0000            → year 0 is out of range: 01/01/0000
releases/docid-32365127.md                                    document_date    01/01/0000            → year 0 is out of range: 01/01/0000
releases/104-10111-10050.md                                   document_date    01/01/0000            → year 0 is out of range: 01/01/0000
releases/104-10145-10418.md                                   document_date    08/23/0000            → year 0 is out of range: 08/23/0000
releases/104-10263-10111.md                                   document_date    01/01/0000            → year 0 is out of range: 01/01/0000
releases/157-10011-10015.md                                   document_date    06/00/1975            → day is out of range for month: 06/00/1975
releases/104-10112-10445.md                                   document_date    10/19/0000            → year 0 is out of range: 10/19/0000
releases/104-10209-10025.md                                   document_date    01/01/0000            → year 0 is out of range: 01/01/0000
releases/104-10182-10001.md                                   document_date    01/01/0000            → year 0 is out of range: 01/01/0000
releases/104-10162-10027.md                                   document_date    04/20/0000            → year 0 is out of range: 04/20/0000
releases/docid-32393797.md                                    document_date    01/01/0000            → year 0 is out of range: 01/01/0000
releases/104-10209-10256.md                                   document_date    01/31/0000            → year 0 is out of range: 01/31/0000
releases/157-10004-10138.md                                   document_date    00/00/1976            → month must be in 1..12: 00/00/1976
releases/198-10009-10099.md                                   document_date    02/00/1963            → day is out of range for month: 02/00/1963
releases/docid-32201935.md                                    document_date    06/04/0000            → year 0 is out of range: 06/04/0000
releases/docid-32371502.md                                    document_date    01/01/0000            → year 0 is out of range: 01/01/0000
releases/178-10002-10086.md                                   document_date    00/00/1975            → month must be in 1..12: 00/00/1975
releases/104-10187-10014.md                                   document_date    01/01/0000            → year 0 is out of range: 01/01/0000
releases/104-10163-10144.md                                   document_date    01/01/0000            → year 0 is out of range: 01/01/0000
releases/104-10121-10140.md                                   document_date    01/01/0000            → year 0 is out of range: 01/01/0000
releases/104-10182-10073.md                                   document_date    01/01/0000            → year 0 is out of range: 01/01/0000
releases/104-10215-10056.md                                   document_date    01/01/0000            → year 0 is out of range: 01/01/0000
releases/104-10193-10079.md                                   document_date    01/01/0000            → year 0 is out of range: 01/01/0000
releases/180-10147-10175.md                                   document_date    12/00/1978            → day is out of range for month: 12/00/1978
releases/104-10256-10283.md                                   document_date    01/01/0000            → year 0 is out of range: 01/01/0000
releases/180-10105-10060.md                                   document_date    05/00/1978            → day is out of range for month: 05/00/1978
releases/104-10176-10069.md                                   document_date    01/01/0000            → year 0 is out of range: 01/01/0000
releases/198-10004-10076.md                                   document_date    00/00/1963            → month must be in 1..12: 00/00/1963
releases/104-10172-10189.md                                   document_date    01/01/0000            → year 0 is out of range: 01/01/0000
releases/104-10301-10006.md                                   document_date    01/01/0000            → year 0 is out of range: 01/01/0000
releases/157-10011-10002.md                                   document_date    06/00/1975            → day is out of range for month: 06/00/1975
releases/104-10209-10172.md                                   document_date    01/01/0000            → year 0 is out of range: 01/01/0000
releases/104-10211-10005.md                                   document_date    01/01/0000            → year 0 is out of range: 01/01/0000
releases/104-10109-10326.md                                   document_date    01/01/0000            → year 0 is out of range: 01/01/0000
releases/104-10230-10019.md                                   document_date    01/01/0000            → year 0 is out of range: 01/01/0000
releases/104-10183-10325.md                                   document_date    03/23/0000            → year 0 is out of range: 03/23/0000
releases/104-10169-10273.md                                   document_date    01/01/0000            → year 0 is out of range: 01/01/0000
releases/104-10290-10036.md                                   document_date    01/01/0000            → year 0 is out of range: 01/01/0000
releases/104-10050-10200.md                                   document_date    01/01/0000            → year 0 is out of range: 01/01/0000
releases/104-10188-10026.md                                   document_date    01/01/0000            → year 0 is out of range: 01/01/0000
releases/104-10129-10440.md                                   document_date    01/01/0000            → year 0 is out of range: 01/01/0000
releases/104-10170-10112.md                                   document_date    01/01/0000            → year 0 is out of range: 01/01/0000
releases/104-10174-10064.md                                   document_date    01/01/0000            → year 0 is out of range: 01/01/0000
releases/104-10291-10002.md                                   document_date    01/01/0000            → year 0 is out of range: 01/01/0000
releases/104-10188-10012.md                                   document_date    01/01/0000            → year 0 is out of range: 01/01/0000
releases/104-10050-10234.md                                   document_date    01/01/0000            → year 0 is out of range: 01/01/0000
releases/104-10268-10013.md                                   document_date    01/01/0000            → year 0 is out of range: 01/01/0000
releases/104-10103-10291.md                                   document_date    01/01/0000            → year 0 is out of range: 01/01/0000
releases/104-10268-10003.md                                   document_date    01/01/0000            → year 0 is out of range: 01/01/0000
releases/104-10428-10018.md                                   document_date    01/01/0000            → year 0 is out of range: 01/01/0000
releases/104-10050-10224.md                                   document_date    01/01/0000            → year 0 is out of range: 01/01/0000
releases/104-10169-10135.md                                   document_date    02/21/0000            → year 0 is out of range: 02/21/0000
releases/docid-32393019.md                                    document_date    01/01/0000            → year 0 is out of range: 01/01/0000
releases/104-10188-10002.md                                   document_date    01/01/0000            → year 0 is out of range: 01/01/0000
releases/104-10291-10012.md                                   document_date    01/01/0000            → year 0 is out of range: 01/01/0000
releases/104-10195-10003.md                                   document_date    01/01/0000            → year 0 is out of range: 01/01/0000
releases/104-10175-10025.md                                   document_date    01/01/0000            → year 0 is out of range: 01/01/0000
releases/104-10186-10428.md                                   document_date    01/01/0000            → year 0 is out of range: 01/01/0000
releases/104-10061-10206.md                                   document_date    01/01/0000            → year 0 is out of range: 01/01/0000
releases/104-10174-10040.md                                   document_date    01/01/0000            → year 0 is out of range: 01/01/0000
releases/104-10171-10136.md                                   document_date    01/01/0000            → year 0 is out of range: 01/01/0000
releases/104-10215-10072.md                                   document_date    01/01/0000            → year 0 is out of range: 01/01/0000
releases/180-10142-10167.md                                   document_date    00/00/1978            → month must be in 1..12: 00/00/1978
releases/157-10011-10012.md                                   document_date    06/00/1975            → day is out of range for month: 06/00/1975
releases/docid-32399229.md                                    document_date    01/01/0000            → year 0 is out of range: 01/01/0000
releases/104-10059-10423.md                                   document_date    01/01/0000            → year 0 is out of range: 01/01/0000
releases/104-10187-10030.md                                   document_date    01/01/0000            → year 0 is out of range: 01/01/0000
releases/104-10120-10075.md                                   document_date    01/01/0000            → year 0 is out of range: 01/01/0000
releases/104-10162-10020.md                                   document_date    01/01/0000            → year 0 is out of range: 01/01/0000
releases/104-10182-10057.md                                   document_date    01/01/0000            → year 0 is out of range: 01/01/0000
releases/104-10209-10073.md                                   document_date    01/01/0000            → year 0 is out of range: 01/01/0000
releases/docid-32424069.md                                    document_date    12/00/1963            → day is out of range for month: 12/00/1963
releases/180-10143-10345.md                                   document_date    00/00/1976            → month must be in 1..12: 00/00/1976
releases/104-10182-10301.md                                   document_date    01/01/0000            → year 0 is out of range: 01/01/0000
releases/104-10161-10464.md                                   document_date    01/01/0000            → year 0 is out of range: 01/01/0000
releases/104-10193-10069.md                                   document_date    01/01/0000            → year 0 is out of range: 01/01/0000
releases/104-10220-10037.md                                   document_date    01/01/0000            → year 0 is out of range: 01/01/0000
releases/104-10224-10001.md                                   document_date    01/01/0000            → year 0 is out of range: 01/01/0000
releases/104-10163-10065.md                                   document_date    01/01/0000            → year 0 is out of range: 01/01/0000
releases/157-10011-10006.md                                   document_date    06/00/1975            → day is out of range for month: 06/00/1975
releases/104-10166-10142.md                                   document_date    01/01/0000            → year 0 is out of range: 01/01/0000
releases/104-10215-10126.md                                   document_date    01/01/0000            → year 0 is out of range: 01/01/0000
releases/194-10001-10437.md                                   document_date    00/00/00              → month must be in 1..12: 00/00/00
releases/104-10162-10247.md                                   document_date    01/01/0000            → year 0 is out of range: 01/01/0000
releases/104-10211-10001.md                                   document_date    01/01/0000            → year 0 is out of range: 01/01/0000
releases/104-10220-10264.md                                   document_date    09/01/0000            → year 0 is out of range: 09/01/0000
releases/104-10186-10346.md                                   document_date    12/03/0000            → year 0 is out of range: 12/03/0000
releases/104-10167-10331.md                                   document_date    01/01/0000            → year 0 is out of range: 01/01/0000
releases/178-10004-10420.md                                   document_date    06/00/1975            → day is out of range for month: 06/00/1975
releases/104-10196-10329.md                                   document_date    01/01/0000            → year 0 is out of range: 01/01/0000
releases/104-10182-10137.md                                   document_date    01/01/0000            → year 0 is out of range: 01/01/0000
releases/104-10224-10015.md                                   document_date    01/01/0000            → year 0 is out of range: 01/01/0000
releases/104-10163-10140.md                                   document_date    01/01/0000            → year 0 is out of range: 01/01/0000
releases/104-10305-10000.md                                   document_date    01/01/0000            → year 0 is out of range: 01/01/0000
releases/104-10163-10000.md                                   document_date    01/01/0000            → year 0 is out of range: 01/01/0000
releases/docid-32393811.md                                    document_date    01/01/0000            → year 0 is out of range: 01/01/0000
releases/104-10167-10067.md                                   document_date    01/01/0000            → year 0 is out of range: 01/01/0000
releases/104-10220-10132.md                                   document_date    01/01/0000            → year 0 is out of range: 01/01/0000
releases/104-10211-10186.md                                   document_date    01/01/0000            → year 0 is out of range: 01/01/0000
releases/157-10014-10144.md                                   document_date    00/00/1976            → month must be in 1..12: 00/00/1976
releases/104-10101-10018.md                                   document_date    01/01/0000            → year 0 is out of range: 01/01/0000
releases/104-10209-10220.md                                   document_date    01/01/0000            → year 0 is out of range: 01/01/0000
releases/104-10218-10008.md                                   document_date    01/01/0000            → year 0 is out of range: 01/01/0000
releases/104-10308-10278.md                                   document_date    12/01/0000            → year 0 is out of range: 12/01/0000
releases/194-10012-10139.md                                   document_date    00/00/00              → month must be in 1..12: 00/00/00
releases/104-10162-10222.md                                   document_date    01/01/0000            → year 0 is out of range: 01/01/0000
releases/104-10229-10432.md                                   document_date    01/01/0000            → year 0 is out of range: 01/01/0000
releases/104-10195-10017.md                                   document_date    01/01/0000            → year 0 is out of range: 01/01/0000
releases/104-10164-10099.md                                   document_date    01/01/0000            → year 0 is out of range: 01/01/0000
releases/104-10194-10017.md                                   document_date    01/01/0000            → year 0 is out of range: 01/01/0000
releases/104-10291-10006.md                                   document_date    01/01/0000            → year 0 is out of range: 01/01/0000
releases/104-10067-10413.md                                   document_date    01/01/0000            → year 0 is out of range: 01/01/0000
releases/104-10175-10182.md                                   document_date    01/01/0000            → year 0 is out of range: 01/01/0000
releases/104-10050-10230.md                                   document_date    01/01/0000            → year 0 is out of range: 01/01/0000
releases/104-10188-10016.md                                   document_date    01/01/0000            → year 0 is out of range: 01/01/0000
releases/104-10245-10000.md                                   document_date    01/01/0000            → year 0 is out of range: 01/01/0000
releases/104-10226-10049.md                                   document_date    01/01/0000            → year 0 is out of range: 01/01/0000
releases/104-10145-10167.md                                   document_date    01/01/0000            → year 0 is out of range: 01/01/0000
releases/docid-32202182.md                                    document_date    00/00/1975            → month must be in 1..12: 00/00/1975
releases/104-10088-10209.md                                   document_date    01/01/0000            → year 0 is out of range: 01/01/0000
releases/104-10194-10023.md                                   document_date    01/01/0000            → year 0 is out of range: 01/01/0000
releases/104-10171-10062.md                                   document_date    01/01/0000            → year 0 is out of range: 01/01/0000
releases/157-10002-10001.md                                   document_date    06/00/1975            → day is out of range for month: 06/00/1975
releases/104-10169-10284.md                                   document_date    01/01/0000            → year 0 is out of range: 01/01/0000
releases/104-10173-10412.md                                   document_date    01/01/0000            → year 0 is out of range: 01/01/0000
releases/docid-32272270.md                                    document_date    00/00/1978            → month must be in 1..12: 00/00/1978
releases/104-10168-10014.md                                   document_date    01/01/0000            → year 0 is out of range: 01/01/0000
releases/104-10217-10199.md                                   document_date    01/01/0000            → year 0 is out of range: 01/01/0000
releases/104-10245-10024.md                                   document_date    01/01/0000            → year 0 is out of range: 01/01/0000
releases/104-10290-10162.md                                   document_date    01/01/0000            → year 0 is out of range: 01/01/0000
releases/104-10312-10015.md                                   document_date    01/01/0000            → year 0 is out of range: 01/01/0000
releases/104-10186-10418.md                                   document_date    01/01/0000            → year 0 is out of range: 01/01/0000
releases/104-10064-10022.md                                   document_date    01/01/0000            → year 0 is out of range: 01/01/0000
releases/104-10268-10007.md                                   document_date    01/01/0000            → year 0 is out of range: 01/01/0000
releases/104-10227-10008.md                                   document_date    01/01/0000            → year 0 is out of range: 01/01/0000
releases/104-10181-10099.md                                   document_date    01/01/0000            → year 0 is out of range: 01/01/0000
releases/104-10147-10416.md                                   document_date    01/01/0000            → year 0 is out of range: 01/01/0000
releases/104-10067-10403.md                                   document_date    01/01/0000            → year 0 is out of range: 01/01/0000
releases/104-10515-10148.md                                   document_date    01/01/0000            → year 0 is out of range: 01/01/0000
releases/104-10519-10003.md                                   document_date    01/01/0000            → year 0 is out of range: 01/01/0000
releases/104-10079-10132.md                                   document_date    01/01/0000            → year 0 is out of range: 01/01/0000
releases/104-10290-10156.md                                   document_date    01/01/0000            → year 0 is out of range: 01/01/0000
releases/104-10291-10016.md                                   document_date    01/01/0000            → year 0 is out of range: 01/01/0000
releases/104-10169-10253.md                                   document_date    01/01/0000            → year 0 is out of range: 01/01/0000
releases/104-10006-10249.md                                   document_date    01/01/0000            → year 0 is out of range: 01/01/0000
releases/104-10174-10070.md                                   document_date    01/01/0000            → year 0 is out of range: 01/01/0000
releases/104-10055-10125.md                                   document_date    01/01/0000            → year 0 is out of range: 01/01/0000
releases/104-10219-10049.md                                   document_date    01/01/0000            → year 0 is out of range: 01/01/0000
releases/104-10167-10255.md                                   document_date    01/01/0000            → year 0 is out of range: 01/01/0000
releases/180-10142-10106.md                                   document_date    00/00/1978            → month must be in 1..12: 00/00/1978
releases/104-10186-10362.md                                   document_date    01/01/0000            → year 0 is out of range: 01/01/0000
releases/104-10163-10041.md                                   document_date    01/01/0000            → year 0 is out of range: 01/01/0000
releases/104-10209-10012.md                                   document_date    01/01/0000            → year 0 is out of range: 01/01/0000
releases/104-10162-10041.md                                   document_date    01/01/0000            → year 0 is out of range: 01/01/0000
releases/104-10086-10398.md                                   document_date    01/01/0000            → year 0 is out of range: 01/01/0000
releases/104-10086-10009.md                                   document_date    01/01/0000            → year 0 is out of range: 01/01/0000
releases/104-10224-10005.md                                   document_date    01/01/0000            → year 0 is out of range: 01/01/0000
releases/104-10527-10345.md                                   document_date    01/01/0000            → year 0 is out of range: 01/01/0000
releases/104-10193-10008.md                                   document_date    01/01/0000            → year 0 is out of range: 01/01/0000
releases/104-10162-10197.md                                   document_date    01/01/0000            → year 0 is out of range: 01/01/0000
releases/104-10111-10067.md                                   document_date    01/01/0000            → year 0 is out of range: 01/01/0000
releases/104-10221-10007.md                                   document_date    01/01/0000            → year 0 is out of range: 01/01/0000
releases/104-10111-10094.md                                   document_date    01/01/0000            → year 0 is out of range: 01/01/0000
releases/104-10111-10185.md                                   document_date    01/01/0000            → year 0 is out of range: 01/01/0000
releases/104-10182-10002.md                                   document_date    01/01/0000            → year 0 is out of range: 01/01/0000
releases/157-10011-10007.md                                   document_date    06/00/1975            → day is out of range for month: 06/00/1975
releases/104-10221-10016.md                                   document_date    01/01/0000            → year 0 is out of range: 01/01/0000
releases/157-10014-10242.md                                   document_date    00/00/1975            → month must be in 1..12: 00/00/1975
releases/104-10111-10076.md                                   document_date    01/01/0000            → year 0 is out of range: 01/01/0000
releases/104-10215-10127.md                                   document_date    01/01/0000            → year 0 is out of range: 01/01/0000
releases/104-10210-10111.md                                   document_date    01/01/0000            → year 0 is out of range: 01/01/0000
releases/104-10163-10141.md                                   document_date    01/01/0000            → year 0 is out of range: 01/01/0000
releases/104-10221-10022.md                                   document_date    01/01/0000            → year 0 is out of range: 01/01/0000
releases/104-10224-10014.md                                   document_date    01/01/0000            → year 0 is out of range: 01/01/0000
releases/104-10182-10136.md                                   document_date    01/01/0000            → year 0 is out of range: 01/01/0000
releases/104-10187-10040.md                                   document_date    01/01/0000            → year 0 is out of range: 01/01/0000
releases/104-10166-10126.md                                   document_date    01/01/0000            → year 0 is out of range: 01/01/0000
releases/docid-32371757.md                                    document_date    01/01/0000            → year 0 is out of range: 01/01/0000
releases/104-10210-10034.md                                   document_date    01/01/0000            → year 0 is out of range: 01/01/0000
releases/docid-32346932.md                                    document_date    01/01/0000            → year 0 is out of range: 01/01/0000
releases/104-10218-10009.md                                   document_date    01/01/0000            → year 0 is out of range: 01/01/0000
releases/104-10186-10322.md                                   document_date    01/01/0000            → year 0 is out of range: 01/01/0000
releases/104-10515-10048.md                                   document_date    01/01/0000            → year 0 is out of range: 01/01/0000
releases/104-10291-10007.md                                   document_date    01/01/0000            → year 0 is out of range: 01/01/0000
releases/104-10194-10016.md                                   document_date    01/01/0000            → year 0 is out of range: 01/01/0000
releases/104-10180-10199.md                                   document_date    01/01/0000            → year 0 is out of range: 01/01/0000
releases/104-10414-10150.md                                   document_date    01/01/0000            → year 0 is out of range: 01/01/0000
releases/104-10174-10030.md                                   document_date    05/10/0000            → year 0 is out of range: 05/10/0000
releases/104-10050-10231.md                                   document_date    01/01/0000            → year 0 is out of range: 01/01/0000
releases/104-10079-10301.md                                   document_date    01/01/0000            → year 0 is out of range: 01/01/0000
releases/docid-32397514.md                                    document_date    01/01/0000            → year 0 is out of range: 01/01/0000
releases/104-10245-10001.md                                   document_date    01/01/0000            → year 0 is out of range: 01/01/0000
releases/docid-32202183.md                                    document_date    00/00/1976            → month must be in 1..12: 00/00/1976
releases/104-10194-10022.md                                   document_date    01/01/0000            → year 0 is out of range: 01/01/0000
releases/104-10438-10122.md                                   document_date    01/01/0000            → year 0 is out of range: 01/01/0000
releases/104-10400-10018.md                                   document_date    01/01/0000            → year 0 is out of range: 01/01/0000
releases/104-10169-10285.md                                   document_date    01/01/0000            → year 0 is out of range: 01/01/0000
releases/104-10103-10020.md                                   document_date    01/01/0000            → year 0 is out of range: 01/01/0000
releases/104-10188-10023.md                                   document_date    01/01/0000            → year 0 is out of range: 01/01/0000
releases/104-10170-10181.md                                   document_date    01/01/0000            → year 0 is out of range: 01/01/0000
releases/104-10141-10065.md                                   document_date    01/01/0000            → year 0 is out of range: 01/01/0000
releases/docid-32202020.md                                    document_date    00/00/1976            → month must be in 1..12: 00/00/1976
releases/docid-32397483.md                                    document_date    01/01/0000            → year 0 is out of range: 01/01/0000
releases/104-10268-10006.md                                   document_date    01/01/0000            → year 0 is out of range: 01/01/0000
releases/104-10194-10006.md                                   document_date    01/01/0000            → year 0 is out of range: 01/01/0000
releases/104-10169-10252.md                                   document_date    01/01/0000            → year 0 is out of range: 01/01/0000
releases/104-10291-10017.md                                   document_date    01/01/0000            → year 0 is out of range: 01/01/0000
releases/docid-32269709.md                                    document_date    07/00/1978            → day is out of range for month: 07/00/1978
releases/104-10515-10058.md                                   document_date    01/01/0000            → year 0 is out of range: 01/01/0000
releases/104-10174-10071.md                                   document_date    01/01/0000            → year 0 is out of range: 01/01/0000
releases/104-10433-10167.md                                   document_date    01/01/0000            → year 0 is out of range: 01/01/0000
releases/104-10516-10284.md                                   document_date    01/01/0000            → year 0 is out of range: 01/01/0000
releases/104-10183-10355.md                                   document_date    01/01/0000            → year 0 is out of range: 01/01/0000
releases/104-10187-10001.md                                   document_date    01/01/0000            → year 0 is out of range: 01/01/0000
releases/104-10167-10136.md                                   document_date    01/01/0000            → year 0 is out of range: 01/01/0000
releases/104-10120-10044.md                                   document_date    05/24/0000            → year 0 is out of range: 05/24/0000
releases/104-10063-10389.md                                   document_date    01/01/0000            → year 0 is out of range: 01/01/0000
releases/104-10086-10399.md                                   document_date    01/01/0000            → year 0 is out of range: 01/01/0000
releases/104-10224-10004.md                                   document_date    01/01/0000            → year 0 is out of range: 01/01/0000
releases/104-10163-10087.md                                   document_date    01/01/0000            → year 0 is out of range: 01/01/0000
releases/104-10105-10278.md                                   document_date    01/01/0000            → year 0 is out of range: 01/01/0000
releases/104-10516-10170.md                                   document_date    01/01/0000            → year 0 is out of range: 01/01/0000
releases/180-10142-10162.md                                   document_date    00/00/1978            → month must be in 1..12: 00/00/1978
releases/104-10182-10052.md                                   document_date    01/01/0000            → year 0 is out of range: 01/01/0000
releases/104-10422-10019.md                                   document_date    01/01/0000            → year 0 is out of range: 01/01/0000
releases/104-10225-10030.md                                   document_date    01/01/0000            → year 0 is out of range: 01/01/0000
releases/104-10119-10228.md                                   document_date    01/01/0000            → year 0 is out of range: 01/01/0000
releases/104-10182-10003.md                                   document_date    01/01/0000            → year 0 is out of range: 01/01/0000
releases/104-10187-10155.md                                   document_date    01/01/0000            → year 0 is out of range: 01/01/0000
releases/157-10011-10037.md                                   document_date    00/00/1963            → month must be in 1..12: 00/00/1963
releases/104-10162-10114.md                                   document_date    01/01/0000            → year 0 is out of range: 01/01/0000
releases/104-10221-10026.md                                   document_date    01/01/0000            → year 0 is out of range: 01/01/0000
releases/104-10305-10005.md                                   document_date    01/01/0000            → year 0 is out of range: 01/01/0000
releases/178-10003-10397.md                                   document_date    00/00/1975            → month must be in 1..12: 00/00/1975
releases/104-10182-10072.md                                   document_date    01/01/0000            → year 0 is out of range: 01/01/0000
releases/104-10176-10068.md                                   document_date    01/01/0000            → year 0 is out of range: 01/01/0000
releases/157-10008-10000.md                                   document_date    06/00/1975            → day is out of range for month: 06/00/1975
releases/104-10187-10070.md                                   document_date    01/01/0000            → year 0 is out of range: 01/01/0000
releases/104-10167-10007.md                                   document_date    01/01/0000            → year 0 is out of range: 01/01/0000
releases/104-10209-10122.md                                   document_date    01/01/0000            → year 0 is out of range: 01/01/0000
releases/104-10516-10346.md                                   document_date    01/01/0000            → year 0 is out of range: 01/01/0000
releases/104-10120-10064.md                                   document_date    05/20/0000            → year 0 is out of range: 05/20/0000
releases/157-10011-10003.md                                   document_date    06/00/1975            → day is out of range for month: 06/00/1975
releases/104-10219-10039.md                                   document_date    06/22/0000            → year 0 is out of range: 06/22/0000
releases/104-10162-10242.md                                   document_date    01/01/0000            → year 0 is out of range: 01/01/0000
releases/docid-32401392.md                                    document_date    01/01/0000            → year 0 is out of range: 01/01/0000
releases/180-10143-10176.md                                   document_date    00/00/1978            → month must be in 1..12: 00/00/1978
releases/104-10194-10026.md                                   document_date    01/01/0000            → year 0 is out of range: 01/01/0000
releases/157-10002-10004.md                                   document_date    06/00/1975            → day is out of range for month: 06/00/1975
releases/104-10174-10140.md                                   document_date    01/01/0000            → year 0 is out of range: 01/01/0000
releases/104-10213-10058.md                                   document_date    01/01/0000            → year 0 is out of range: 01/01/0000
releases/104-10051-10250.md                                   document_date    01/01/0000            → year 0 is out of range: 01/01/0000
releases/104-10275-10314.md                                   document_date    01/01/0000            → year 0 is out of range: 01/01/0000
releases/104-10061-10035.md                                   document_date    01/01/0000            → year 0 is out of range: 01/01/0000
releases/104-10175-10034.md                                   document_date    01/01/0000            → year 0 is out of range: 01/01/0000
releases/104-10174-10065.md                                   document_date    01/01/0000            → year 0 is out of range: 01/01/0000
releases/104-10170-10113.md                                   document_date    01/01/0000            → year 0 is out of range: 01/01/0000
releases/104-10194-10012.md                                   document_date    01/01/0000            → year 0 is out of range: 01/01/0000
releases/104-10291-10003.md                                   document_date    01/01/0000            → year 0 is out of range: 01/01/0000
releases/104-10535-10001.md                                   document_date    01/01/0000            → year 0 is out of range: 01/01/0000
releases/104-10245-10005.md                                   document_date    01/01/0000            → year 0 is out of range: 01/01/0000
releases/docid-32373009.md                                    document_date    01/01/0000            → year 0 is out of range: 01/01/0000
releases/104-10050-10235.md                                   document_date    01/01/0000            → year 0 is out of range: 01/01/0000
releases/104-10161-10148.md                                   document_date    01/01/0000            → year 0 is out of range: 01/01/0000
releases/104-10268-10012.md                                   document_date    01/01/0000            → year 0 is out of range: 01/01/0000
releases/104-10103-10280.md                                   document_date    01/01/0000            → year 0 is out of range: 01/01/0000
releases/104-10268-10002.md                                   document_date    01/01/0000            → year 0 is out of range: 01/01/0000
releases/104-10188-10052.md                                   document_date    01/01/0000            → year 0 is out of range: 01/01/0000
releases/docid-32373019.md                                    document_date    01/01/0000            → year 0 is out of range: 01/01/0000
releases/104-10188-10003.md                                   document_date    01/01/0000            → year 0 is out of range: 01/01/0000
releases/104-10291-10013.md                                   document_date    01/01/0000            → year 0 is out of range: 01/01/0000
releases/104-10194-10002.md                                   document_date    01/01/0000            → year 0 is out of range: 01/01/0000
releases/104-10054-10060.md                                   document_date    01/01/0000            → year 0 is out of range: 01/01/0000
releases/104-10195-10002.md                                   document_date    01/01/0000            → year 0 is out of range: 01/01/0000
releases/104-10079-10321.md                                   document_date    01/01/0000            → year 0 is out of range: 01/01/0000
releases/104-10006-10278.md                                   document_date    01/01/0000            → year 0 is out of range: 01/01/0000
releases/104-10115-10054.md                                   document_date    01/01/0000            → year 0 is out of range: 01/01/0000
releases/104-10209-10201.md                                   document_date    01/01/0000            → year 0 is out of range: 01/01/0000
releases/104-10210-10014.md                                   document_date    01/01/0000            → year 0 is out of range: 01/01/0000
releases/178-10003-10311.md                                   document_date    03/00/1975            → day is out of range for month: 03/00/1975
releases/104-10163-10130.md                                   document_date    01/01/0000            → year 0 is out of range: 01/01/0000
releases/157-10011-10013.md                                   document_date    06/00/1975            → day is out of range for month: 06/00/1975
releases/104-10182-10007.md                                   document_date    01/01/0000            → year 0 is out of range: 01/01/0000
releases/104-10166-10157.md                                   document_date    01/01/0000            → year 0 is out of range: 01/01/0000
releases/104-10300-10157.md                                   document_date    01/01/0000            → year 0 is out of range: 01/01/0000
releases/104-10225-10034.md                                   document_date    01/01/0000            → year 0 is out of range: 01/01/0000
releases/104-10522-10105.md                                   document_date    01/01/0000            → year 0 is out of range: 01/01/0000
releases/docid-32346866.md                                    document_date    01/01/0000            → year 0 is out of range: 01/01/0000
releases/104-10522-10193.md                                   document_date    01/01/0000            → year 0 is out of range: 01/01/0000
releases/104-10177-10078.md                                   document_date    11/29/0000            → year 0 is out of range: 11/29/0000
releases/104-10161-10525.md                                   document_date    01/01/0000            → year 0 is out of range: 01/01/0000
releases/104-10183-10091.md                                   document_date    01/01/0000            → year 0 is out of range: 01/01/0000
releases/104-10193-10068.md                                   document_date    01/01/0000            → year 0 is out of range: 01/01/0000
releases/104-10225-10000.md                                   document_date    01/01/0000            → year 0 is out of range: 01/01/0000
releases/104-10224-10000.md                                   document_date    01/01/0000            → year 0 is out of range: 01/01/0000
releases/104-10220-10067.md                                   document_date    01/01/0000            → year 0 is out of range: 01/01/0000
releases/104-10121-10040.md                                   document_date    01/01/0000            → year 0 is out of range: 01/01/0000
releases/104-10303-10001.md                                   document_date    01/01/0000            → year 0 is out of range: 01/01/0000
releases/104-10165-10141.md                                   document_date    01/01/0000            → year 0 is out of range: 01/01/0000
releases/104-10181-10011.md                                   document_date    01/01/0000            → year 0 is out of range: 01/01/0000
releases/104-10164-10110.md                                   document_date    01/01/0000            → year 0 is out of range: 01/01/0000
releases/104-10164-10050.md                                   document_date    01/01/0000            → year 0 is out of range: 01/01/0000
releases/104-10418-10202.md                                   document_date    01/01/0000            → year 0 is out of range: 01/01/0000
releases/104-10222-10045.md                                   document_date    01/01/0000            → year 0 is out of range: 01/01/0000
releases/104-10095-10075.md                                   document_date    01/01/0000            → year 0 is out of range: 01/01/0000
releases/104-10267-10407.md                                   document_date    11/29/0000            → year 0 is out of range: 11/29/0000
releases/104-10006-10263.md                                   document_date    01/01/0000            → year 0 is out of range: 01/01/0000
releases/104-10178-10000.md                                   document_date    01/01/0000            → year 0 is out of range: 01/01/0000
releases/104-10521-10036.md                                   document_date    01/01/0000            → year 0 is out of range: 01/01/0000
releases/104-10165-10124.md                                   document_date    01/01/0000            → year 0 is out of range: 01/01/0000
releases/198-10006-10014.md                                   document_date    00/00/1963            → month must be in 1..12: 00/00/1963
releases/104-10178-10096.md                                   document_date    01/01/0000            → year 0 is out of range: 01/01/0000
releases/104-10113-10262.md                                   document_date    01/01/0000            → year 0 is out of range: 01/01/0000
releases/144-10001-10375.md                                   document_date    0/0/1964              → month must be in 1..12: 0/0/1964
releases/104-10171-10149.md                                   document_date    01/01/0000            → year 0 is out of range: 01/01/0000
releases/104-10185-10260.md                                   document_date    01/01/0000            → year 0 is out of range: 01/01/0000
releases/104-10164-10097.md                                   document_date    01/01/0000            → year 0 is out of range: 01/01/0000
releases/104-10006-10257.md                                   document_date    01/01/0000            → year 0 is out of range: 01/01/0000
releases/104-10074-10176.md                                   document_date    01/01/0000            → year 0 is out of range: 01/01/0000
releases/104-10180-10196.md                                   document_date    01/01/0000            → year 0 is out of range: 01/01/0000
releases/104-10194-10019.md                                   document_date    01/01/0000            → year 0 is out of range: 01/01/0000
releases/104-10066-10242.md                                   document_date    01/01/0000            → year 0 is out of range: 01/01/0000
releases/104-10131-10111.md                                   document_date    01/01/0000            → year 0 is out of range: 01/01/0000
releases/104-10193-10162.md                                   document_date    01/01/0000            → year 0 is out of range: 01/01/0000
releases/104-10297-10211.md                                   document_date    01/01/0000            → year 0 is out of range: 01/01/0000
releases/104-10182-10139.md                                   document_date    01/01/0000            → year 0 is out of range: 01/01/0000
releases/104-10516-10239.md                                   document_date    01/01/0000            → year 0 is out of range: 01/01/0000
releases/docid-32201979.md                                    document_date    00/00/1976            → month must be in 1..12: 00/00/1976
releases/docid-32346849.md                                    document_date    01/01/0000            → year 0 is out of range: 01/01/0000
releases/104-10231-10042.md                                   document_date    01/01/0000            → year 0 is out of range: 01/01/0000
releases/104-10176-10006.md                                   document_date    01/01/0000            → year 0 is out of range: 01/01/0000
releases/104-10215-10128.md                                   document_date    01/01/0000            → year 0 is out of range: 01/01/0000
releases/104-10173-10170.md                                   document_date    01/01/0000            → year 0 is out of range: 01/01/0000
releases/104-10130-10356.md                                   document_date    01/01/0000            → year 0 is out of range: 01/01/0000
releases/104-10177-10224.md                                   document_date    01/01/0000            → year 0 is out of range: 01/01/0000
releases/104-10209-10129.md                                   document_date    01/01/0000            → year 0 is out of range: 01/01/0000
releases/157-10011-10008.md                                   document_date    06/00/1975            → day is out of range for month: 06/00/1975
releases/docid-32423493.md                                    document_date    05/00/1976            → day is out of range for month: 05/00/1976
releases/104-10130-10346.md                                   document_date    06/27/0000            → year 0 is out of range: 06/27/0000
releases/178-10002-10169.md                                   document_date    05/00/1975            → day is out of range for month: 05/00/1975
releases/104-10215-10029.md                                   document_date    01/01/0000            → year 0 is out of range: 01/01/0000
releases/104-10173-10376.md                                   document_date    01/01/0000            → year 0 is out of range: 01/01/0000
releases/104-10182-10069.md                                   document_date    01/01/0000            → year 0 is out of range: 01/01/0000
releases/104-10422-10022.md                                   document_date    01/01/0000            → year 0 is out of range: 01/01/0000
releases/104-10229-10000.md                                   document_date    01/01/0000            → year 0 is out of range: 01/01/0000
releases/104-10195-10425.md                                   document_date    01/01/0000            → year 0 is out of range: 01/01/0000
releases/104-10146-10034.md                                   document_date    01/01/0000            → year 0 is out of range: 01/01/0000
releases/104-10172-10105.md                                   document_date    01/01/0000            → year 0 is out of range: 01/01/0000
releases/docid-32392642.md                                    document_date    10/13/0000            → year 0 is out of range: 10/13/0000
releases/104-10176-10073.md                                   document_date    01/01/0000            → year 0 is out of range: 01/01/0000
releases/195-10005-10022.md                                   document_date    11/00/1961            → day is out of range for month: 11/00/1961
releases/157-10004-10290.md                                   document_date    00/00/1975            → month must be in 1..12: 00/00/1975
releases/104-10193-10123.md                                   document_date    01/01/0000            → year 0 is out of range: 01/01/0000
releases/104-10218-10047.md                                   document_date    01/01/0000            → year 0 is out of range: 01/01/0000
releases/104-10165-10087.md                                   document_date    01/01/0000            → year 0 is out of range: 01/01/0000
releases/104-10194-10009.md                                   document_date    01/01/0000            → year 0 is out of range: 01/01/0000
releases/104-10217-10010.md                                   document_date    01/01/0000            → year 0 is out of range: 01/01/0000
releases/104-10178-10164.md                                   document_date    01/01/0000            → year 0 is out of range: 01/01/0000
releases/104-10171-10019.md                                   document_date    01/01/0000            → year 0 is out of range: 01/01/0000
releases/docid-32389623.md                                    document_date    01/01/0000            → year 0 is out of range: 01/01/0000
releases/104-10268-10009.md                                   document_date    01/01/0000            → year 0 is out of range: 01/01/0000
releases/104-10226-10006.md                                   document_date    01/01/0000            → year 0 is out of range: 01/01/0000
releases/docid-32373043.md                                    document_date    01/01/0000            → year 0 is out of range: 01/01/0000
releases/104-10227-10006.md                                   document_date    01/01/0000            → year 0 is out of range: 01/01/0000
releases/104-10189-10008.md                                   document_date    01/01/0000            → year 0 is out of range: 01/01/0000
releases/104-10165-10134.md                                   document_date    01/01/0000            → year 0 is out of range: 01/01/0000
releases/104-10226-10117.md                                   document_date    01/01/0000            → year 0 is out of range: 01/01/0000
releases/104-10140-10308.md                                   document_date    01/01/0000            → year 0 is out of range: 01/01/0000
releases/104-10178-10150.md                                   document_date    01/01/0000            → year 0 is out of range: 01/01/0000
releases/104-10179-10150.md                                   document_date    01/01/0000            → year 0 is out of range: 01/01/0000
releases/104-10180-10141.md                                   document_date    01/01/0000            → year 0 is out of range: 01/01/0000
releases/104-10149-10006.md                                   document_date    01/01/0000            → year 0 is out of range: 01/01/0000
releases/104-10180-10050.md                                   document_date    01/01/0000            → year 0 is out of range: 01/01/0000
releases/104-10120-10671.md                                   document_date    07/26/0000            → year 0 is out of range: 07/26/0000
releases/104-10227-10012.md                                   document_date    01/01/0000            → year 0 is out of range: 01/01/0000
releases/104-10110-10434.md                                   document_date    01/01/0000            → year 0 is out of range: 01/01/0000
releases/104-10164-10060.md                                   document_date    01/01/0000            → year 0 is out of range: 01/01/0000
releases/104-10165-10120.md                                   document_date    01/01/0000            → year 0 is out of range: 01/01/0000
releases/104-10185-10017.md                                   document_date    01/01/0000            → year 0 is out of range: 01/01/0000
releases/104-10519-10108.md                                   document_date    01/01/0000            → year 0 is out of range: 01/01/0000
releases/104-10185-10264.md                                   document_date    01/01/0000            → year 0 is out of range: 01/01/0000
releases/104-10189-10028.md                                   document_date    01/01/0000            → year 0 is out of range: 01/01/0000
releases/104-10222-10041.md                                   document_date    01/01/0000            → year 0 is out of range: 01/01/0000
releases/104-10164-10054.md                                   document_date    01/01/0000            → year 0 is out of range: 01/01/0000
releases/104-10112-10203.md                                   document_date    01/01/0000            → year 0 is out of range: 01/01/0000
releases/104-10265-10022.md                                   document_date    01/01/0000            → year 0 is out of range: 01/01/0000
releases/104-10180-10044.md                                   document_date    01/01/0000            → year 0 is out of range: 01/01/0000
releases/104-10181-10104a.md                                  document_date    01/01/0000            → year 0 is out of range: 01/01/0000
releases/104-10103-10318.md                                   document_date    01/01/0000            → year 0 is out of range: 01/01/0000
releases/104-10178-10144.md                                   document_date    01/01/0000            → year 0 is out of range: 01/01/0000
releases/docid-32397498.md                                    document_date    01/01/0000            → year 0 is out of range: 01/01/0000
releases/104-10429-10090.md                                   document_date    01/01/0000            → year 0 is out of range: 01/01/0000
releases/docid-32202099.md                                    document_date    11/00/1963            → day is out of range for month: 11/00/1963
releases/104-10088-10252.md                                   document_date    01/01/0000            → year 0 is out of range: 01/01/0000
releases/104-10176-10002.md                                   document_date    01/01/0000            → year 0 is out of range: 01/01/0000
releases/docid-32202557.md                                    document_date    11/00/1963            → day is out of range for month: 11/00/1963
releases/104-10188-10455.md                                   document_date    01/01/0000            → year 0 is out of range: 01/01/0000
releases/104-10128-10274.md                                   document_date    01/01/0000            → year 0 is out of range: 01/01/0000
releases/104-10422-10053.md                                   document_date    01/01/0000            → year 0 is out of range: 01/01/0000
releases/104-10177-10220.md                                   document_date    01/01/0000            → year 0 is out of range: 01/01/0000
releases/104-10301-10008.md                                   document_date    01/01/0000            → year 0 is out of range: 01/01/0000
releases/104-10193-10166.md                                   document_date    01/01/0000            → year 0 is out of range: 01/01/0000
releases/104-10176-10067.md                                   document_date    01/01/0000            → year 0 is out of range: 01/01/0000
releases/104-10172-10111.md                                   document_date    01/01/0000            → year 0 is out of range: 01/01/0000
releases/104-10186-10329.md                                   document_date    01/01/0000            → year 0 is out of range: 01/01/0000
releases/104-10193-10077.md                                   document_date    01/01/0000            → year 0 is out of range: 01/01/0000
releases/157-10011-10069.md                                   document_date    05/00/1975            → day is out of range for month: 05/00/1975
releases/104-10192-10204.md                                   document_date    01/01/0000            → year 0 is out of range: 01/01/0000
releases/104-10209-10018.md                                   document_date    01/01/0000            → year 0 is out of range: 01/01/0000
releases/104-10220-10128.md                                   document_date    01/01/0000            → year 0 is out of range: 01/01/0000
releases/104-10209-10049.md                                   document_date    01/01/0000            → year 0 is out of range: 01/01/0000
releases/104-10422-10026.md                                   document_date    01/01/0000            → year 0 is out of range: 01/01/0000
releases/104-10221-10039.md                                   document_date    01/01/0000            → year 0 is out of range: 01/01/0000
releases/docid-32356690.md                                    document_date    01/01/0000            → year 0 is out of range: 01/01/0000
releases/104-10196-10333.md                                   document_date    01/01/0000            → year 0 is out of range: 01/01/0000
releases/104-10219-10043.md                                   document_date    01/05/0000            → year 0 is out of range: 01/05/0000
releases/104-10173-10150.md                                   document_date    01/01/0000            → year 0 is out of range: 01/01/0000
releases/104-10218-10012.md                                   document_date    01/01/0000            → year 0 is out of range: 01/01/0000
releases/104-10166-10158.md                                   document_date    01/01/0000            → year 0 is out of range: 01/01/0000
releases/104-10172-10346.md                                   document_date    08/19/0000            → year 0 is out of range: 08/19/0000
releases/104-10177-10230.md                                   document_date    01/01/0000            → year 0 is out of range: 01/01/0000
releases/docid-32391728.md                                    document_date    06/25/0000            → year 0 is out of range: 06/25/0000
releases/104-10135-10325.md                                   document_date    01/01/0000            → year 0 is out of range: 01/01/0000
releases/104-10308-10074.md                                   document_date    01/01/0000            → year 0 is out of range: 01/01/0000
releases/104-10118-10001.md                                   document_date    01/01/0000            → year 0 is out of range: 01/01/0000
releases/104-10173-10135.md                                   document_date    01/01/0000            → year 0 is out of range: 01/01/0000
releases/104-10188-10445.md                                   document_date    01/01/0000            → year 0 is out of range: 01/01/0000
releases/104-10192-10002.md                                   document_date    01/01/0000            → year 0 is out of range: 01/01/0000
releases/104-10515-10067.md                                   document_date    01/01/0000            → year 0 is out of range: 01/01/0000
releases/104-10178-10105.md                                   document_date    01/01/0000            → year 0 is out of range: 01/01/0000
releases/178-10003-10401.md                                   document_date    00/00/1975            → month must be in 1..12: 00/00/1975
releases/104-10171-10138.md                                   document_date    01/01/0000            → year 0 is out of range: 01/01/0000
releases/104-10178-10154.md                                   document_date    01/01/0000            → year 0 is out of range: 01/01/0000
releases/docid-32206591.md                                    document_date    00/00/1964            → month must be in 1..12: 00/00/1964
releases/104-10088-10213.md                                   document_date    01/01/0000            → year 0 is out of range: 01/01/0000
releases/104-10161-10190.md                                   document_date    01/01/0000            → year 0 is out of range: 01/01/0000
releases/104-10222-10000.md                                   document_date    01/01/0000            → year 0 is out of range: 01/01/0000
releases/docid-32308445.md                                    document_date    09/17/0000            → year 0 is out of range: 09/17/0000
releases/104-10006-10284.md                                   document_date    01/01/0000            → year 0 is out of range: 01/01/0000
releases/104-10521-10016.md                                   document_date    02/01/0000            → year 0 is out of range: 02/01/0000
releases/104-10181-10005.md                                   document_date    01/01/0000            → year 0 is out of range: 01/01/0000
releases/104-10120-10463.md                                   document_date    01/01/0000            → year 0 is out of range: 01/01/0000
releases/104-10216-10154.md                                   document_date    01/01/0000            → year 0 is out of range: 01/01/0000
releases/104-10074-10022.md                                   document_date    01/01/0000            → year 0 is out of range: 01/01/0000
releases/104-10217-10014.md                                   document_date    01/01/0000            → year 0 is out of range: 01/01/0000
releases/104-10006-10243.md                                   document_date    01/01/0000            → year 0 is out of range: 01/01/0000
releases/104-10213-10022.md                                   document_date    01/01/0000            → year 0 is out of range: 01/01/0000
releases/104-10181-10182.md                                   document_date    04/17/0000            → year 0 is out of range: 04/17/0000
releases/104-10180-10171.md                                   document_date    01/01/0000            → year 0 is out of range: 01/01/0000
releases/104-10106-10179.md                                   document_date    01/01/0000            → year 0 is out of range: 01/01/0000
releases/104-10265-10117.md                                   document_date    01/01/0000            → year 0 is out of range: 01/01/0000
releases/104-10180-10031.md                                   document_date    01/01/0000            → year 0 is out of range: 01/01/0000
releases/104-10165-10130.md                                   document_date    01/01/0000            → year 0 is out of range: 01/01/0000
releases/104-10265-10006.md                                   document_date    01/01/0000            → year 0 is out of range: 01/01/0000
releases/104-10216-10327.md                                   document_date    10/27/0000            → year 0 is out of range: 10/27/0000
releases/104-10180-10060.md                                   document_date    01/01/0000            → year 0 is out of range: 01/01/0000
releases/104-10180-10131.md                                   document_date    01/01/0000            → year 0 is out of range: 01/01/0000
releases/104-10165-10121.md                                   document_date    01/01/0000            → year 0 is out of range: 01/01/0000
releases/docid-32373007.md                                    document_date    01/01/0000            → year 0 is out of range: 01/01/0000
releases/104-10079-10129.md                                   document_date    01/01/0000            → year 0 is out of range: 01/01/0000
releases/104-10185-10265.md                                   document_date    01/01/0000            → year 0 is out of range: 01/01/0000
releases/104-10181-10154.md                                   document_date    01/01/0000            → year 0 is out of range: 01/01/0000
releases/104-10222-10040.md                                   document_date    01/01/0000            → year 0 is out of range: 01/01/0000
releases/104-10165-10004.md                                   document_date    01/01/0000            → year 0 is out of range: 01/01/0000
releases/104-10222-10011.md                                   document_date    01/01/0000            → year 0 is out of range: 01/01/0000
releases/104-10164-10004.md                                   document_date    01/01/0000            → year 0 is out of range: 01/01/0000
releases/104-10429-10091.md                                   document_date    01/01/0000            → year 0 is out of range: 01/01/0000
releases/104-10173-10035.md                                   document_date    01/01/0000            → year 0 is out of range: 01/01/0000
releases/104-10106-10521.md                                   document_date    01/01/0000            → year 0 is out of range: 01/01/0000
releases/104-10219-10037.md                                   document_date    01/01/0000            → year 0 is out of range: 01/01/0000
releases/195-10005-10003.md                                   document_date    1/00/1962             → day is out of range for month: 1/00/1962
releases/104-10173-10097.md                                   document_date    01/01/0000            → year 0 is out of range: 01/01/0000
releases/104-10246-10032.md                                   document_date    01/11/0000            → year 0 is out of range: 01/11/0000
releases/104-10177-10221.md                                   document_date    01/01/0000            → year 0 is out of range: 01/01/0000
releases/104-10301-10009.md                                   document_date    01/01/0000            → year 0 is out of range: 01/01/0000
releases/104-10172-10110.md                                   document_date    01/01/0000            → year 0 is out of range: 01/01/0000
releases/docid-32349694.md                                    document_date    01/01/0000            → year 0 is out of range: 01/01/0000
releases/104-10234-10105.md                                   document_date    01/01/0000            → year 0 is out of range: 01/01/0000
releases/104-10189-10460.md                                   document_date    07/01/0000            → year 0 is out of range: 07/01/0000
releases/104-10193-10076.md                                   document_date    01/01/0000            → year 0 is out of range: 01/01/0000
releases/104-10106-10896.md                                   document_date    01/01/0000            → year 0 is out of range: 01/01/0000
releases/104-10231-10022.md                                   document_date    01/01/0000            → year 0 is out of range: 01/01/0000
releases/104-10111-10048.md                                   document_date    01/01/0000            → year 0 is out of range: 01/01/0000
releases/104-10176-10037.md                                   document_date    02/12/0000            → year 0 is out of range: 02/12/0000
releases/docid-32348638.md                                    document_date    01/01/0000            → year 0 is out of range: 01/01/0000
releases/104-10173-10001.md                                   document_date    01/01/0000            → year 0 is out of range: 01/01/0000
releases/docid-32423622.md                                    document_date    00/00/1976            → month must be in 1..12: 00/00/1976
releases/docid-32373749.md                                    document_date    11/25/0000            → year 0 is out of range: 11/25/0000
releases/104-10220-10028.md                                   document_date    01/01/0000            → year 0 is out of range: 01/01/0000
releases/178-10003-10399.md                                   document_date    00/00/1975            → month must be in 1..12: 00/00/1975
releases/104-10192-10194.md                                   document_date    01/01/0000            → year 0 is out of range: 01/01/0000
releases/104-10220-10069.md                                   document_date    01/01/0000            → year 0 is out of range: 01/01/0000
releases/104-10308-10010.md                                   document_date    01/01/0000            → year 0 is out of range: 01/01/0000
releases/docid-32112905.md                                    document_date    00/00/1975            → month must be in 1..12: 00/00/1975
releases/104-10119-10125.md                                   document_date    01/01/0000            → year 0 is out of range: 01/01/0000
releases/104-10146-10093.md                                   document_date    01/01/0000            → year 0 is out of range: 01/01/0000
releases/104-10066-10086.md                                   document_date    01/01/0000            → year 0 is out of range: 01/01/0000
releases/104-10131-10104.md                                   document_date    01/01/0000            → year 0 is out of range: 01/01/0000
releases/docid-32392707.md                                    document_date    01/01/0000            → year 0 is out of range: 01/01/0000
releases/104-10219-10153.md                                   document_date    01/01/0000            → year 0 is out of range: 01/01/0000
releases/104-10067-10197.md                                   document_date    01/01/0000            → year 0 is out of range: 01/01/0000
releases/104-10177-10076.md                                   document_date    11/29/0000            → year 0 is out of range: 11/29/0000
releases/104-10218-10013.md                                   document_date    01/01/0000            → year 0 is out of range: 01/01/0000
releases/104-10276-10216.md                                   document_date    10/20/0000            → year 0 is out of range: 10/20/0000
releases/104-10177-10231.md                                   document_date    01/01/0000            → year 0 is out of range: 01/01/0000
releases/157-10005-10192.md                                   document_date    00/00/1976            → month must be in 1..12: 00/00/1976
releases/104-10173-10134.md                                   document_date    01/01/0000            → year 0 is out of range: 01/01/0000
releases/104-10173-10165.md                                   document_date    01/01/0000            → year 0 is out of range: 01/01/0000
releases/104-10308-10206.md                                   document_date    01/01/0000            → year 0 is out of range: 01/01/0000
releases/104-10218-10076.md                                   document_date    01/01/0000            → year 0 is out of range: 01/01/0000
releases/104-10431-10105.md                                   document_date    01/01/0000            → year 0 is out of range: 01/01/0000
releases/104-10170-10139.md                                   document_date    01/01/0000            → year 0 is out of range: 01/01/0000
releases/104-10102-10189.md                                   document_date    01/01/0000            → year 0 is out of range: 01/01/0000
releases/104-10515-10066.md                                   document_date    01/01/0000            → year 0 is out of range: 01/01/0000
releases/178-10003-10400.md                                   document_date    00/00/1975            → month must be in 1..12: 00/00/1975
releases/104-10110-10662.md                                   document_date    01/01/0000            → year 0 is out of range: 01/01/0000
releases/104-10510-10141.md                                   document_date    01/01/0000            → year 0 is out of range: 01/01/0000
releases/104-10222-10001.md                                   document_date    01/01/0000            → year 0 is out of range: 01/01/0000
releases/104-10515-10095.md                                   document_date    01/01/0000            → year 0 is out of range: 01/01/0000
releases/104-10525-10021.md                                   document_date    01/01/0000            → year 0 is out of range: 01/01/0000
releases/104-10217-10015.md                                   document_date    01/01/0000            → year 0 is out of range: 01/01/0000
releases/104-10217-10155.md                                   document_date    01/01/0000            → year 0 is out of range: 01/01/0000
releases/104-10515-10052.md                                   document_date    01/01/0000            → year 0 is out of range: 01/01/0000
releases/docid-32373017.md                                    document_date    01/01/0000            → year 0 is out of range: 01/01/0000
releases/104-10180-10170.md                                   document_date    01/01/0000            → year 0 is out of range: 01/01/0000
releases/docid-32393016.md                                    document_date    01/01/0000            → year 0 is out of range: 01/01/0000
releases/104-10428-10017.md                                   document_date    01/01/0000            → year 0 is out of range: 01/01/0000
releases/104-10227-10003.md                                   document_date    01/01/0000            → year 0 is out of range: 01/01/0000
releases/197-10002-10190.md                                   document_date    00/00/1963            → month must be in 1..12: 00/00/1963
releases/104-10181-10121.md                                   document_date    01/01/0000            → year 0 is out of range: 01/01/0000
releases/104-10164-10000.md                                   document_date    01/01/0000            → year 0 is out of range: 01/01/0000
releases/104-10165-10140.md                                   document_date    01/01/0000            → year 0 is out of range: 01/01/0000
releases/104-10525-10035.md                                   document_date    01/01/0000            → year 0 is out of range: 01/01/0000
releases/104-10307-10067.md                                   document_date    01/01/0000            → year 0 is out of range: 01/01/0000
releases/104-10217-10217.md                                   document_date    01/01/0000            → year 0 is out of range: 01/01/0000
releases/104-10180-10010.md                                   document_date    01/01/0000            → year 0 is out of range: 01/01/0000
releases/104-10165-10111.md                                   document_date    01/01/0000            → year 0 is out of range: 01/01/0000
releases/104-10185-10026.md                                   document_date    01/01/0000            → year 0 is out of range: 01/01/0000
releases/104-10431-10000.md                                   document_date    01/01/0000            → year 0 is out of range: 01/01/0000
releases/104-10079-10059.md                                   document_date    01/01/0000            → year 0 is out of range: 01/01/0000
releases/104-10178-10001.md                                   document_date    01/01/0000            → year 0 is out of range: 01/01/0000
releases/104-10169-10229.md                                   document_date    01/01/0000            → year 0 is out of range: 01/01/0000
releases/104-10178-10141.md                                   document_date    01/01/0000            → year 0 is out of range: 01/01/0000
releases/104-10217-10223.md                                   document_date    01/01/0000            → year 0 is out of range: 01/01/0000
releases/104-10165-10125.md                                   document_date    01/01/0000            → year 0 is out of range: 01/01/0000
releases/104-10425-10008.md                                   document_date    01/01/0000            → year 0 is out of range: 01/01/0000
releases/docid-32282252.md                                    document_date    05/00/1975            → day is out of range for month: 05/00/1975
releases/104-10400-10311.md                                   document_date    01/01/0000            → year 0 is out of range: 01/01/0000
releases/104-10194-10018.md                                   document_date    01/01/0000            → year 0 is out of range: 01/01/0000
releases/104-10291-10009.md                                   document_date    01/01/0000            → year 0 is out of range: 01/01/0000
releases/104-10234-10381.md                                   document_date    01/01/0000            → year 0 is out of range: 01/01/0000
releases/104-10063-10275.md                                   document_date    01/01/0000            → year 0 is out of range: 01/01/0000
releases/104-10218-10007.md                                   document_date    01/01/0000            → year 0 is out of range: 01/01/0000
releases/104-10230-10077.md                                   document_date    01/01/0000            → year 0 is out of range: 01/01/0000
releases/104-10193-10163.md                                   document_date    01/01/0000            → year 0 is out of range: 01/01/0000
releases/104-10413-10025.md                                   document_date    01/01/0000            → year 0 is out of range: 01/01/0000
releases/104-10172-10114.md                                   document_date    01/01/0000            → year 0 is out of range: 01/01/0000
releases/104-10166-10128.md                                   document_date    01/01/0000            → year 0 is out of range: 01/01/0000
releases/docid-32356986.md                                    document_date    01/01/0000            → year 0 is out of range: 01/01/0000
releases/104-10297-10241.md                                   document_date    11/11/0000            → year 0 is out of range: 11/11/0000
releases/104-10162-10248.md                                   document_date    01/01/0000            → year 0 is out of range: 01/01/0000
releases/docid-32392667.md                                    document_date    11/24/0000            → year 0 is out of range: 11/24/0000
releases/104-10308-10303.md                                   document_date    01/01/0000            → year 0 is out of range: 01/01/0000
releases/docid-32112987.md                                    document_date    06/00/1975            → day is out of range for month: 06/00/1975
releases/104-10231-10043.md                                   document_date    01/01/0000            → year 0 is out of range: 01/01/0000
releases/104-10177-10056.md                                   document_date    01/01/0000            → year 0 is out of range: 01/01/0000
releases/104-10215-10129.md                                   document_date    01/01/0000            → year 0 is out of range: 01/01/0000
releases/194-10001-10438.md                                   document_date    00/00/00              → month must be in 1..12: 00/00/00
releases/104-10177-10147.md                                   document_date    01/01/0000            → year 0 is out of range: 01/01/0000
releases/104-10219-10122.md                                   document_date    01/19/0000            → year 0 is out of range: 01/19/0000
releases/104-10173-10171.md                                   document_date    01/01/0000            → year 0 is out of range: 01/01/0000
releases/104-10177-10225.md                                   document_date    01/01/0000            → year 0 is out of range: 01/01/0000
releases/104-10221-10018.md                                   document_date    01/01/0000            → year 0 is out of range: 01/01/0000
releases/docid-32281842.md                                    document_date    04/00/1975            → day is out of range for month: 04/00/1975
releases/104-10220-10049.md                                   document_date    01/01/0000            → year 0 is out of range: 01/01/0000
releases/104-10218-10180.md                                   document_date    01/01/0000            → year 0 is out of range: 01/01/0000
releases/104-10246-10036.md                                   document_date    05/02/0000            → year 0 is out of range: 05/02/0000
releases/104-10104-10145.md                                   document_date    01/01/0000            → year 0 is out of range: 01/01/0000
releases/docid-32341319.md                                    document_date    01/01/0000            → year 0 is out of range: 01/01/0000
releases/104-10183-10418a.md                                  document_date    01/01/0000            → year 0 is out of range: 01/01/0000
releases/104-10276-10212.md                                   document_date    01/01/0000            → year 0 is out of range: 01/01/0000
releases/104-10071-10409.md                                   document_date    01/01/0000            → year 0 is out of range: 01/01/0000
releases/docid-32423593.md                                    document_date    04/00/1976            → day is out of range for month: 04/00/1976
releases/104-10308-10020.md                                   document_date    01/01/0000            → year 0 is out of range: 01/01/0000
releases/104-10297-10107.md                                   document_date    01/01/0000            → year 0 is out of range: 01/01/0000
releases/104-10173-10130.md                                   document_date    01/01/0000            → year 0 is out of range: 01/01/0000
releases/docid-32392677.md                                    document_date    09/29/0000            → year 0 is out of range: 09/29/0000
releases/104-10163-10089.md                                   document_date    01/01/0000            → year 0 is out of range: 01/01/0000
releases/104-10086-10397.md                                   document_date    01/01/0000            → year 0 is out of range: 01/01/0000
releases/104-10133-10461.md                                   document_date    01/01/0000            → year 0 is out of range: 01/01/0000
releases/104-10247-10103.md                                   document_date    01/01/0000            → year 0 is out of range: 01/01/0000
releases/docid-32350399.md                                    document_date    01/01/0000            → year 0 is out of range: 01/01/0000
releases/104-10173-10104.md                                   document_date    01/01/0000            → year 0 is out of range: 01/01/0000
releases/104-10218-10106.md                                   document_date    01/01/0000            → year 0 is out of range: 01/01/0000
releases/104-10218-10046.md                                   document_date    01/01/0000            → year 0 is out of range: 01/01/0000
releases/docid-32399125.md                                    document_date    01/01/0000            → year 0 is out of range: 01/01/0000
releases/104-10291-10019.md                                   document_date    01/01/0000            → year 0 is out of range: 01/01/0000
releases/104-10180-10216.md                                   document_date    01/01/0000            → year 0 is out of range: 01/01/0000
releases/104-10195-10008.md                                   document_date    01/01/0000            → year 0 is out of range: 01/01/0000
releases/104-10170-10109.md                                   document_date    01/01/0000            → year 0 is out of range: 01/01/0000
releases/docid-32321789.md                                    document_date    00/00/1998            → month must be in 1..12: 00/00/1998
releases/104-10074-10085.md                                   document_date    01/01/0000            → year 0 is out of range: 01/01/0000
releases/104-10268-10008.md                                   document_date    01/01/0000            → year 0 is out of range: 01/01/0000
releases/104-10227-10007.md                                   document_date    01/01/0000            → year 0 is out of range: 01/01/0000
releases/104-10165-10075.md                                   document_date    01/01/0000            → year 0 is out of range: 01/01/0000
releases/docid-32373013.md                                    document_date    01/01/0000            → year 0 is out of range: 01/01/0000
releases/198-10006-10005.md                                   document_date    03/00/1963            → day is out of range for month: 03/00/1963
releases/104-10188-10009.md                                   document_date    01/01/0000            → year 0 is out of range: 01/01/0000
releases/104-10226-10116.md                                   document_date    01/01/0000            → year 0 is out of range: 01/01/0000
releases/104-10515-10033.md                                   document_date    01/01/0000            → year 0 is out of range: 01/01/0000
releases/104-10074-10102.md                                   document_date    01/01/0000            → year 0 is out of range: 01/01/0000
releases/104-10179-10151.md                                   document_date    08/10/0000            → year 0 is out of range: 08/10/0000
releases/104-10222-10005.md                                   document_date    01/01/0000            → year 0 is out of range: 01/01/0000
releases/104-10226-10033.md                                   document_date    06/10/0000            → year 0 is out of range: 06/10/0000
releases/2022/104-10074-10121.md                              document_date    01/01/0000            → year 0 is out of range: 01/01/0000
releases/2022/104-10185-10266.md                              document_date    01/01/0000            → year 0 is out of range: 01/01/0000
releases/2022/104-10181-10081.md                              document_date    01/01/0000            → year 0 is out of range: 01/01/0000
releases/2022/104-10174-10068.md                              document_date    01/01/0000            → year 0 is out of range: 01/01/0000
releases/2022/104-10106-10198.md                              document_date    01/01/0000            → year 0 is out of range: 01/01/0000
releases/2022/104-10180-10023.md                              document_date    01/01/0000            → year 0 is out of range: 01/01/0000
releases/2022/104-10110-10527.md                              document_date    01/01/0000            → year 0 is out of range: 01/01/0000
releases/2022/180-10145-10216.md                              document_date    03/00/1978            → day is out of range for month: 03/00/1978
releases/2022/104-10110-10620.md                              document_date    01/01/0000            → year 0 is out of range: 01/01/0000
releases/2022/104-10222-10012.md                              document_date    01/01/0000            → year 0 is out of range: 01/01/0000
releases/2022/178-10004-10115.md                              document_date    00/00/1975            → month must be in 1..12: 00/00/1975
releases/2022/104-10161-10120.md                              document_date    01/01/0000            → year 0 is out of range: 01/01/0000
releases/2022/104-10103-10029.md                              document_date    01/01/0000            → year 0 is out of range: 01/01/0000
releases/2022/104-10222-10043.md                              document_date    01/01/0000            → year 0 is out of range: 01/01/0000
releases/2022/104-10105-10103.md                              document_date    01/01/0000            → year 0 is out of range: 01/01/0000
releases/2022/104-10176-10222.md                              document_date    01/01/0000            → year 0 is out of range: 01/01/0000
releases/2022/104-10422-10051.md                              document_date    01/01/0000            → year 0 is out of range: 01/01/0000
releases/2022/157-10014-10178.md                              document_date    00/00/1975            → month must be in 1..12: 00/00/1975
releases/2022/104-10192-10232.md                              document_date    01/01/0000            → year 0 is out of range: 01/01/0000
releases/2022/104-10308-10304.md                              document_date    01/01/0000            → year 0 is out of range: 01/01/0000
releases/2022/104-10173-10036.md                              document_date    01/01/0000            → year 0 is out of range: 01/01/0000
releases/2022/104-10187-10158.md                              document_date    01/01/0000            → year 0 is out of range: 01/01/0000
releases/2022/104-10063-10281.md                              document_date    01/01/0000            → year 0 is out of range: 01/01/0000
releases/2022/104-10193-10075.md                              document_date    01/01/0000            → year 0 is out of range: 01/01/0000
releases/2022/104-10173-10142.md                              document_date    01/01/0000            → year 0 is out of range: 01/01/0000
releases/2022/178-10002-10369.md                              document_date    00/00/1975            → month must be in 1..12: 00/00/1975
releases/2022/104-10219-10051.md                              document_date    01/01/0000            → year 0 is out of range: 01/01/0000
releases/2022/104-10172-10113.md                              document_date    01/01/0000            → year 0 is out of range: 01/01/0000
releases/2022/104-10177-10135.md                              document_date    01/01/0000            → year 0 is out of range: 01/01/0000
releases/2022/104-10176-10075.md                              document_date    01/01/0000            → year 0 is out of range: 01/01/0000
releases/2022/104-10219-10041.md                              document_date    04/24/0000            → year 0 is out of range: 04/24/0000
releases/2022/104-10063-10291.md                              document_date    01/01/0000            → year 0 is out of range: 01/01/0000
releases/2022/104-10177-10206.md                              document_date    01/01/0000            → year 0 is out of range: 01/01/0000
releases/2022/104-10186-10008.md                              document_date    01/01/0000            → year 0 is out of range: 01/01/0000
releases/2022/104-10173-10166.md                              document_date    01/01/0000            → year 0 is out of range: 01/01/0000
releases/2022/104-10413-10057.md                              document_date    01/01/0000            → year 0 is out of range: 01/01/0000
releases/2022/104-10176-10010.md                              document_date    01/01/0000            → year 0 is out of range: 01/01/0000
releases/2022/104-10173-10137.md                              document_date    01/01/0000            → year 0 is out of range: 01/01/0000
releases/2022/104-10192-10000.md                              document_date    01/01/0000            → year 0 is out of range: 01/01/0000
releases/2022/104-10228-10090.md                              document_date    01/01/0000            → year 0 is out of range: 01/01/0000
releases/2022/104-10192-10222.md                              document_date    01/01/0000            → year 0 is out of range: 01/01/0000
releases/2022/180-10142-10318.md                              document_date    03/00/1978            → day is out of range for month: 03/00/1978
releases/2022/104-10135-10327.md                              document_date    01/01/0000            → year 0 is out of range: 01/01/0000
releases/2022/104-10181-10007.md                              document_date    01/01/0000            → year 0 is out of range: 01/01/0000
releases/2022/104-10222-10002.md                              document_date    01/01/0000            → year 0 is out of range: 01/01/0000
releases/2022/104-10161-10192.md                              document_date    01/01/0000            → year 0 is out of range: 01/01/0000
releases/2022/104-10227-10000.md                              document_date    01/01/0000            → year 0 is out of range: 01/01/0000
releases/2022/104-10050-10228.md                              document_date    01/01/0000            → year 0 is out of range: 01/01/0000
releases/2022/104-10216-10325.md                              document_date    01/01/0000            → year 0 is out of range: 01/01/0000
releases/2022/104-10165-10132.md                              document_date    01/01/0000            → year 0 is out of range: 01/01/0000
releases/2022/104-10106-10188.md                              document_date    01/01/0000            → year 0 is out of range: 01/01/0000
releases/2022/104-10178-10002.md                              document_date    01/01/0000            → year 0 is out of range: 01/01/0000
releases/2022/104-10164-10112.md                              document_date    01/01/0000            → year 0 is out of range: 01/01/0000
releases/2022/104-10217-10185.md                              document_date    01/01/0000            → year 0 is out of range: 01/01/0000
releases/2022/104-10303-10003.md                              document_date    01/01/0000            → year 0 is out of range: 01/01/0000
releases/2022/104-10181-10042.md                              document_date    01/01/0000            → year 0 is out of range: 01/01/0000
releases/2022/104-10180-10042.md                              document_date    01/01/0000            → year 0 is out of range: 01/01/0000
releases/2022/104-10165-10143.md                              document_date    01/01/0000            → year 0 is out of range: 01/01/0000
releases/2022/104-10178-10067.md                              document_date    01/01/0000            → year 0 is out of range: 01/01/0000
releases/2022/104-10178-10176.md                              document_date    01/01/0000            → year 0 is out of range: 01/01/0000
releases/2022/104-10178-10185.md                              document_date    01/01/0000            → year 0 is out of range: 01/01/0000
releases/2022/104-10429-10000.md                              document_date    01/01/0000            → year 0 is out of range: 01/01/0000
releases/2022/104-10165-10126.md                              document_date    01/01/0000            → year 0 is out of range: 01/01/0000
releases/2022/104-10510-10080.md                              document_date    01/01/0000            → year 0 is out of range: 01/01/0000
releases/2022/104-10071-10360.md                              document_date    01/01/0000            → year 0 is out of range: 01/01/0000
releases/2022/104-10161-10110.md                              document_date    01/01/0000            → year 0 is out of range: 01/01/0000
releases/2022/104-10120-10059.md                              document_date    01/01/0000            → year 0 is out of range: 01/01/0000
releases/2022/104-10193-10160.md                              document_date    01/01/0000            → year 0 is out of range: 01/01/0000
releases/2022/104-10177-10121.md                              document_date    01/01/0000            → year 0 is out of range: 01/01/0000
releases/2022/104-10210-10068.md                              document_date    01/01/0000            → year 0 is out of range: 01/01/0000
releases/2022/104-10246-10035.md                              document_date    08/07/0000            → year 0 is out of range: 08/07/0000
releases/2022/104-10111-10208.md                              document_date    01/01/0000            → year 0 is out of range: 01/01/0000
releases/2022/104-10266-10138.md                              document_date    01/01/0000            → year 0 is out of range: 01/01/0000
releases/2022/104-10177-10226.md                              document_date    01/01/0000            → year 0 is out of range: 01/01/0000
releases/2022/104-10215-10099.md                              document_date    01/01/0000            → year 0 is out of range: 01/01/0000
releases/2022/104-10176-10004.md                              document_date    01/01/0000            → year 0 is out of range: 01/01/0000
releases/2022/104-10173-10133.md                              document_date    01/01/0000            → year 0 is out of range: 01/01/0000
releases/2022/104-10173-10162.md                              document_date    01/01/0000            → year 0 is out of range: 01/01/0000
releases/2022/104-10177-10236.md                              document_date    01/01/0000            → year 0 is out of range: 01/01/0000
releases/2022/104-10310-10020.md                              document_date    01/01/0000            → year 0 is out of range: 01/01/0000
releases/2022/104-10172-10107.md                              document_date    01/01/0000            → year 0 is out of range: 01/01/0000
releases/2022/104-10105-10210.md                              document_date    08/27/0000            → year 0 is out of range: 08/27/0000
releases/2022/104-10067-10190.md                              document_date    01/01/0000            → year 0 is out of range: 01/01/0000
releases/2022/104-10173-10107.md                              document_date    01/01/0000            → year 0 is out of range: 01/01/0000
releases/2022/104-10219-10154.md                              document_date    01/01/0000            → year 0 is out of range: 01/01/0000
releases/2022/104-10120-10298.md                              document_date    01/01/0000            → year 0 is out of range: 01/01/0000
releases/2022/104-10225-10009.md                              document_date    01/01/0000            → year 0 is out of range: 01/01/0000
releases/2022/104-10256-10268.md                              document_date    01/01/0000            → year 0 is out of range: 01/01/0000
releases/2022/104-10229-10002.md                              document_date    01/01/0000            → year 0 is out of range: 01/01/0000
releases/2022/104-10179-10255.md                              document_date    01/01/0000            → year 0 is out of range: 01/01/0000
releases/2022/104-10510-10090.md                              document_date    01/01/0000            → year 0 is out of range: 01/01/0000
releases/2022/104-10180-10037.md                              document_date    01/01/0000            → year 0 is out of range: 01/01/0000
releases/2022/104-10222-10032.md                              document_date    01/01/0000            → year 0 is out of range: 01/01/0000
releases/2022/104-10180-10066.md                              document_date    01/01/0000            → year 0 is out of range: 01/01/0000
releases/2022/104-10520-10086.md                              document_date    01/01/0000            → year 0 is out of range: 01/01/0000
releases/2022/180-10145-10160.md                              document_date    00/00/1978            → month must be in 1..12: 00/00/1978
releases/2022/104-10419-10006.md                              document_date    01/01/0000            → year 0 is out of range: 01/01/0000
releases/2022/104-10161-10322.md                              document_date    01/01/0000            → year 0 is out of range: 01/01/0000
releases/2022/104-10306-10025.md                              document_date    01/01/0000            → year 0 is out of range: 01/01/0000
releases/2022/104-10161-10347.md                              document_date    01/01/0000            → year 0 is out of range: 01/01/0000
releases/2022/104-10074-10141.md                              document_date    09/10/0000            → year 0 is out of range: 09/10/0000
releases/2022/104-10217-10184.md                              document_date    01/01/0000            → year 0 is out of range: 01/01/0000
releases/2022/180-10145-10227.md                              document_date    03/00/1978            → day is out of range for month: 03/00/1978
releases/2022/104-10164-10002.md                              document_date    01/01/0000            → year 0 is out of range: 01/01/0000
releases/2022/104-10117-10075.md                              document_date    01/01/0000            → year 0 is out of range: 01/01/0000
releases/2022/104-10120-10487.md                              document_date    01/01/0000            → year 0 is out of range: 01/01/0000
releases/2022/104-10165-10127.md                              document_date    01/01/0000            → year 0 is out of range: 01/01/0000
releases/2022/104-10217-10221.md                              document_date    01/01/0000            → year 0 is out of range: 01/01/0000
releases/2022/104-10181-10166.md                              document_date    01/01/0000            → year 0 is out of range: 01/01/0000
releases/2022/104-10161-10111.md                              document_date    01/01/0000            → year 0 is out of range: 01/01/0000
releases/2022/104-10308-10006.md                              document_date    01/01/0000            → year 0 is out of range: 01/01/0000
releases/2022/104-10118-10022.md                              document_date    01/01/0000            → year 0 is out of range: 01/01/0000
releases/2022/104-10183-10089.md                              document_date    01/01/0000            → year 0 is out of range: 01/01/0000
releases/2022/104-10422-10054.md                              document_date    01/01/0000            → year 0 is out of range: 01/01/0000
releases/2022/104-10176-10005.md                              document_date    01/01/0000            → year 0 is out of range: 01/01/0000
releases/2022/104-10219-10031.md                              document_date    03/03/0000            → year 0 is out of range: 03/03/0000
releases/2022/104-10173-10132.md                              document_date    01/01/0000            → year 0 is out of range: 01/01/0000
releases/2022/104-10308-10080.md                              document_date    01/01/0000            → year 0 is out of range: 01/01/0000
releases/2022/104-10173-10163.md                              document_date    01/01/0000            → year 0 is out of range: 01/01/0000
releases/2022/104-10192-10227.md                              document_date    01/01/0000            → year 0 is out of range: 01/01/0000
releases/2022/104-10135-10322.md                              document_date    01/01/0000            → year 0 is out of range: 01/01/0000
releases/2022/104-10105-10211.md                              document_date    09/09/0000            → year 0 is out of range: 09/09/0000
releases/2022/104-10172-10106.md                              document_date    01/01/0000            → year 0 is out of range: 01/01/0000
releases/2022/104-10192-10031.md                              document_date    01/01/0000            → year 0 is out of range: 01/01/0000
releases/2022/104-10219-10015.md                              document_date    01/01/0000            → year 0 is out of range: 01/01/0000
releases/2022/104-10176-10070.md                              document_date    01/01/0000            → year 0 is out of range: 01/01/0000
releases/2022/104-10308-10265.md                              document_date    01/01/0000            → year 0 is out of range: 01/01/0000
releases/2022/104-10433-10209.md                              document_date    01/01/0000            → year 0 is out of range: 01/01/0000
releases/2022/157-10005-10320.md                              document_date    00/00/1976            → month must be in 1..12: 00/00/1976
releases/2022/104-10224-10008.md                              document_date    01/01/0000            → year 0 is out of range: 01/01/0000
releases/2022/104-10165-10077.md                              document_date    01/01/0000            → year 0 is out of range: 01/01/0000
releases/2022/180-10143-10467.md                              document_date    00/00/1978            → month must be in 1..12: 00/00/1978
releases/2022/104-10222-10033.md                              document_date    01/01/0000            → year 0 is out of range: 01/01/0000
releases/2022/104-10186-10421.md                              document_date    01/01/0000            → year 0 is out of range: 01/01/0000
releases/2022/104-10165-10084.md                              document_date    01/01/0000            → year 0 is out of range: 01/01/0000
releases/2022/104-10261-10052.md                              document_date    01/01/0000            → year 0 is out of range: 01/01/0000
releases/2022/104-10181-10002.md                              document_date    01/01/0000            → year 0 is out of range: 01/01/0000
releases/2022/104-10185-10267.md                              document_date    01/01/0000            → year 0 is out of range: 01/01/0000
releases/2022/104-10174-10069.md                              document_date    01/01/0000            → year 0 is out of range: 01/01/0000
releases/2022/104-10167-10413.md                              document_date    01/01/0000            → year 0 is out of range: 01/01/0000
releases/2022/104-10180-10200.md                              document_date    01/01/0000            → year 0 is out of range: 01/01/0000
releases/2022/104-10180-10191.md                              document_date    01/01/0000            → year 0 is out of range: 01/01/0000
releases/2022/104-10165-10123.md                              document_date    01/01/0000            → year 0 is out of range: 01/01/0000
releases/2022/104-10217-10225.md                              document_date    01/01/0000            → year 0 is out of range: 01/01/0000
releases/2022/104-10167-10427.md                              document_date    01/01/0000            → year 0 is out of range: 01/01/0000
releases/2022/104-10431-10006.md                              document_date    01/01/0000            → year 0 is out of range: 01/01/0000
releases/2022/104-10110-10621.md                              document_date    01/01/0000            → year 0 is out of range: 01/01/0000
releases/2022/docid-34431971.md                               document_date    00/00/00              → month must be in 1..12: 00/00/00
releases/2022/104-10181-10107.md                              document_date    01/01/0000            → year 0 is out of range: 01/01/0000
releases/2022/104-10178-10334.md                              document_date    01/01/0000            → year 0 is out of range: 01/01/0000
releases/2022/104-10222-10042.md                              document_date    01/01/0000            → year 0 is out of range: 01/01/0000
releases/2022/104-10247-10061.md                              document_date    01/01/0000            → year 0 is out of range: 01/01/0000
releases/2022/104-10192-10233.md                              document_date    01/01/0000            → year 0 is out of range: 01/01/0000
releases/2022/104-10218-10035.md                              document_date    01/01/0000            → year 0 is out of range: 01/01/0000
releases/2022/104-10247-10092.md                              document_date    01/01/0000            → year 0 is out of range: 01/01/0000
releases/2022/104-10177-10217.md                              document_date    01/01/0000            → year 0 is out of range: 01/01/0000
releases/2022/104-10172-10112.md                              document_date    01/01/0000            → year 0 is out of range: 01/01/0000
releases/2022/104-10177-10134.md                              document_date    01/01/0000            → year 0 is out of range: 01/01/0000
releases/2022/104-10218-10011.md                              document_date    01/01/0000            → year 0 is out of range: 01/01/0000
releases/2022/104-10119-10176.md                              document_date    11/25/0000            → year 0 is out of range: 11/25/0000
releases/2022/104-10219-10040.md                              document_date    01/01/0000            → year 0 is out of range: 01/01/0000
releases/2022/104-10187-10009.md                              document_date    01/01/0000            → year 0 is out of range: 01/01/0000
releases/2022/104-10192-10110.md                              document_date    01/01/0000            → year 0 is out of range: 01/01/0000
releases/2022/157-10004-10132.md                              document_date    00/00/1976            → month must be in 1..12: 00/00/1976
releases/2022/104-10131-10072.md                              document_date    01/01/0000            → year 0 is out of range: 01/01/0000
releases/2022/104-10217-10190.md                              document_date    08/11/0000            → year 0 is out of range: 08/11/0000
releases/2022/104-10290-10198.md                              document_date    01/01/0000            → year 0 is out of range: 01/01/0000
releases/2022/104-10165-10016.md                              document_date    01/01/0000            → year 0 is out of range: 01/01/0000
releases/2022/104-10306-10020.md                              document_date    01/01/0000            → year 0 is out of range: 01/01/0000
releases/2022/104-10435-10071.md                              document_date    01/01/0000            → year 0 is out of range: 01/01/0000
releases/2022/104-10112-10275.md                              document_date    01/01/0000            → year 0 is out of range: 01/01/0000
releases/2022/104-10051-10278.md                              document_date    01/01/0000            → year 0 is out of range: 01/01/0000
releases/2022/104-10165-10133.md                              document_date    01/01/0000            → year 0 is out of range: 01/01/0000
releases/2022/104-10180-10210.md                              document_date    01/01/0000            → year 0 is out of range: 01/01/0000
releases/2022/104-10074-10161.md                              document_date    01/01/0000            → year 0 is out of range: 01/01/0000
releases/2022/104-10161-10327.md                              document_date    01/01/0000            → year 0 is out of range: 01/01/0000
releases/2022/104-10215-10246.md                              document_date    01/01/0000            → year 0 is out of range: 01/01/0000
releases/2022/104-10163-10176.md                              document_date    01/01/0000            → year 0 is out of range: 01/01/0000
releases/2022/104-10229-10028.md                              document_date    01/01/0000            → year 0 is out of range: 01/01/0000
releases/2022/104-10256-10302.md                              document_date    02/09/0000            → year 0 is out of range: 02/09/0000
releases/2022/104-10187-10026.md                              document_date    01/01/0000            → year 0 is out of range: 01/01/0000
releases/2022/104-10183-10150.md                              document_date    12/04/0000            → year 0 is out of range: 12/04/0000
releases/2022/157-10011-10004.md                              document_date    06/00/1975            → day is out of range for month: 06/00/1975
releases/2022/104-10210-10037.md                              document_date    01/01/0000            → year 0 is out of range: 01/01/0000
releases/2022/104-10335-10014.md                              document_date    01/01/0000            → year 0 is out of range: 01/01/0000
releases/2022/104-10186-10370.md                              document_date    01/01/0000            → year 0 is out of range: 01/01/0000
releases/2022/104-10187-10012.md                              document_date    01/01/0000            → year 0 is out of range: 01/01/0000
releases/2022/104-10243-10128.md                              document_date    01/01/0000            → year 0 is out of range: 01/01/0000
releases/2022/157-10014-10117.md                              document_date    00/00/1975            → month must be in 1..12: 00/00/1975
releases/2022/104-10175-10180.md                              document_date    01/01/0000            → year 0 is out of range: 01/01/0000
releases/2022/104-10050-10232.md                              document_date    01/01/0000            → year 0 is out of range: 01/01/0000
releases/2022/180-10110-10485.md                              document_date    00/00/1978            → month must be in 1..12: 00/00/1978
releases/2022/104-10106-10312.md                              document_date    01/01/0000            → year 0 is out of range: 01/01/0000
releases/2022/104-10102-10235.md                              document_date    01/01/0000            → year 0 is out of range: 01/01/0000
releases/2022/104-10439-10115.md                              document_date    01/01/0000            → year 0 is out of range: 01/01/0000
releases/2022/104-10291-10004.md                              document_date    01/01/0000            → year 0 is out of range: 01/01/0000
releases/2022/104-10194-10015.md                              document_date    01/01/0000            → year 0 is out of range: 01/01/0000
releases/2022/104-10068-10188.md                              document_date    01/01/0000            → year 0 is out of range: 01/01/0000
releases/2022/104-10073-10448.md                              document_date    01/01/0000            → year 0 is out of range: 01/01/0000
releases/2022/104-10188-10020.md                              document_date    01/01/0000            → year 0 is out of range: 01/01/0000
releases/2022/docid-32270326.md                               document_date    00/00/1978            → month must be in 1..12: 00/00/1978
releases/2022/104-10236-10075.md                              document_date    01/01/0000            → year 0 is out of range: 01/01/0000
releases/2022/104-10133-10207.md                              document_date    01/01/0000            → year 0 is out of range: 01/01/0000
releases/2022/104-10291-10014.md                              document_date    01/01/0000            → year 0 is out of range: 01/01/0000
releases/2022/157-10002-10027.md                              document_date    00/00/1975            → month must be in 1..12: 00/00/1975
releases/2022/104-10174-10072.md                              document_date    01/01/0000            → year 0 is out of range: 01/01/0000
releases/2022/104-10165-10029.md                              document_date    01/01/0000            → year 0 is out of range: 01/01/0000
releases/2022/198-10007-10008.md                              document_date    02/00/1963            → day is out of range for month: 02/00/1963
releases/2022/104-10180-10039.md                              document_date    01/01/0000            → year 0 is out of range: 01/01/0000
releases/2022/104-10225-10007.md                              document_date    01/01/0000            → year 0 is out of range: 01/01/0000
releases/2022/104-10224-10007.md                              document_date    01/01/0000            → year 0 is out of range: 01/01/0000
releases/2022/104-10187-10002.md                              document_date    01/01/0000            → year 0 is out of range: 01/01/0000
releases/2022/104-10172-10109.md                              document_date    01/01/0000            → year 0 is out of range: 01/01/0000
releases/2022/104-10167-10346.md                              document_date    01/01/0000            → year 0 is out of range: 01/01/0000
releases/2022/104-10183-10000.md                              document_date    01/01/0000            → year 0 is out of range: 01/01/0000
releases/2022/157-10011-10014.md                              document_date    06/00/1975            → day is out of range for month: 06/00/1975
releases/2022/104-10209-10164.md                              document_date    01/01/0000            → year 0 is out of range: 01/01/0000
releases/2022/104-10182-10000.md                              document_date    01/01/0000            → year 0 is out of range: 01/01/0000
releases/2022/104-10209-10024.md                              document_date    01/01/0000            → year 0 is out of range: 01/01/0000
releases/2022/104-10177-10238.md                              document_date    01/01/0000            → year 0 is out of range: 01/01/0000
releases/2022/104-10111-10065.md                              document_date    01/01/0000            → year 0 is out of range: 01/01/0000
releases/2022/104-10111-10105.md                              document_date    01/01/0000            → year 0 is out of range: 01/01/0000
releases/2022/104-10111-10045.md                              document_date    01/01/0000            → year 0 is out of range: 01/01/0000
releases/2022/104-10224-10013.md                              document_date    01/01/0000            → year 0 is out of range: 01/01/0000
releases/2022/104-10433-10212.md                              document_date    01/01/0000            → year 0 is out of range: 01/01/0000
releases/2022/104-10182-10071.md                              document_date    01/01/0000            → year 0 is out of range: 01/01/0000
releases/2022/104-10187-10156.md                              document_date    01/01/0000            → year 0 is out of range: 01/01/0000
releases/2022/104-10220-10134.md                              document_date    01/01/0000            → year 0 is out of range: 01/01/0000
releases/2022/104-10105-10168.md                              document_date    01/01/0000            → year 0 is out of range: 01/01/0000
releases/2022/104-10111-10071.md                              document_date    01/01/0000            → year 0 is out of range: 01/01/0000
releases/2022/104-10436-10032.md                              document_date    01/01/0000            → year 0 is out of range: 01/01/0000
releases/2022/104-10162-10241.md                              document_date    01/01/0000            → year 0 is out of range: 01/01/0000
releases/2022/104-10163-10123.md                              document_date    01/01/0000            → year 0 is out of range: 01/01/0000
releases/2022/104-10225-10027.md                              document_date    01/01/0000            → year 0 is out of range: 01/01/0000
releases/2022/104-10169-10282.md                              document_date    01/01/0000            → year 0 is out of range: 01/01/0000
releases/2022/104-10181-10108.md                              document_date    01/01/0000            → year 0 is out of range: 01/01/0000
releases/2022/104-10194-10025.md                              document_date    01/01/0000            → year 0 is out of range: 01/01/0000
releases/2022/104-10227-10088.md                              document_date    01/01/0000            → year 0 is out of range: 01/01/0000
releases/2022/104-10175-10184.md                              document_date    01/01/0000            → year 0 is out of range: 01/01/0000
releases/2022/104-10130-10475.md                              document_date    01/01/0000            → year 0 is out of range: 01/01/0000
releases/2022/104-10188-10010.md                              document_date    01/01/0000            → year 0 is out of range: 01/01/0000
releases/2022/104-10065-10174.md                              document_date    01/01/0000            → year 0 is out of range: 01/01/0000
releases/2022/104-10510-10079.md                              document_date    01/01/0000            → year 0 is out of range: 01/01/0000
releases/2022/104-10241-10183.md                              document_date    01/01/0000            → year 0 is out of range: 01/01/0000
releases/2022/104-10291-10000.md                              document_date    01/01/0000            → year 0 is out of range: 01/01/0000
releases/2022/104-10065-10086.md                              document_date    01/01/0000            → year 0 is out of range: 01/01/0000
releases/2022/104-10291-10010.md                              document_date    01/01/0000            → year 0 is out of range: 01/01/0000
releases/2022/104-10194-10001.md                              document_date    01/01/0000            → year 0 is out of range: 01/01/0000
releases/2022/104-10175-10085.md                              document_date    01/01/0000            → year 0 is out of range: 01/01/0000
releases/2022/104-10188-10000.md                              document_date    01/01/0000            → year 0 is out of range: 01/01/0000
releases/2022/104-10222-10038.md                              document_date    01/01/0000            → year 0 is out of range: 01/01/0000
releases/2022/104-10178-10158.md                              document_date    01/01/0000            → year 0 is out of range: 01/01/0000
releases/2022/104-10132-10021.md                              document_date    01/01/0000            → year 0 is out of range: 01/01/0000
releases/2022/104-10145-10114.md                              document_date    01/01/0000            → year 0 is out of range: 01/01/0000
releases/2022/104-10187-10063.md                              document_date    01/01/0000            → year 0 is out of range: 01/01/0000
releases/2022/180-10142-10087.md                              document_date    00/00/1978            → month must be in 1..12: 00/00/1978
releases/2022/157-10011-10010.md                              document_date    06/00/1975            → day is out of range for month: 06/00/1975
releases/2022/104-10182-10004.md                              document_date    01/01/0000            → year 0 is out of range: 01/01/0000
releases/2022/104-10183-10366.md                              document_date    01/01/0000            → year 0 is out of range: 01/01/0000
releases/2022/104-10215-10161.md                              document_date    01/01/0000            → year 0 is out of range: 01/01/0000
releases/2022/104-10167-10376.md                              document_date    07/19/0000            → year 0 is out of range: 07/19/0000
releases/2022/104-10177-10259.md                              document_date    01/01/0000            → year 0 is out of range: 01/01/0000
releases/2022/104-10225-10003.md                              document_date    01/01/0000            → year 0 is out of range: 01/01/0000
releases/2022/104-10224-10003.md                              document_date    01/01/0000            → year 0 is out of range: 01/01/0000
releases/2022/104-10166-10160.md                              document_date    01/01/0000            → year 0 is out of range: 01/01/0000
releases/2022/104-10183-10092.md                              document_date    01/01/0000            → year 0 is out of range: 01/01/0000
releases/2022/178-10002-10266.md                              document_date    05/00/1975            → day is out of range for month: 05/00/1975
releases/2022/104-10220-10097.md                              document_date    01/01/0000            → year 0 is out of range: 01/01/0000
releases/2022/178-10002-10337.md                              document_date    00/00/1975            → month must be in 1..12: 00/00/1975
releases/2022/104-10110-10015.md                              document_date    05/28/0000            → year 0 is out of range: 05/28/0000
releases/2022/104-10256-10391.md                              document_date    01/01/0000            → year 0 is out of range: 01/01/0000
releases/2022/104-10114-10163.md                              document_date    01/01/0000            → year 0 is out of range: 01/01/0000
releases/2022/104-10166-10242.md                              document_date    01/01/0000            → year 0 is out of range: 01/01/0000
releases/2022/104-10111-10104.md                              document_date    01/01/0000            → year 0 is out of range: 01/01/0000
releases/2022/104-10072-10055.md                              document_date    01/01/0000            → year 0 is out of range: 01/01/0000
releases/2022/104-10224-10012.md                              document_date    01/01/0000            → year 0 is out of range: 01/01/0000
releases/2022/104-10506-10018.md                              document_date    08/23/0000            → year 0 is out of range: 08/23/0000
releases/2022/104-10177-10219.md                              document_date    01/01/0000            → year 0 is out of range: 01/01/0000
releases/2022/104-10225-10012.md                              document_date    01/01/0000            → year 0 is out of range: 01/01/0000
releases/2022/104-10166-10120.md                              document_date    01/01/0000            → year 0 is out of range: 01/01/0000
releases/2022/104-10187-10157.md                              document_date    01/01/0000            → year 0 is out of range: 01/01/0000
releases/2022/104-10187-10017.md                              document_date    01/01/0000            → year 0 is out of range: 01/01/0000
releases/2022/104-10413-10048.md                              document_date    01/01/0000            → year 0 is out of range: 01/01/0000
releases/2022/104-10187-10081.md                              document_date    01/01/0000            → year 0 is out of range: 01/01/0000
releases/2022/104-10173-10128.md                              document_date    01/01/0000            → year 0 is out of range: 01/01/0000
releases/2022/104-10196-10029.md                              document_date    01/01/0000            → year 0 is out of range: 01/01/0000
releases/2022/104-10096-10131.md                              document_date    01/01/0000            → year 0 is out of range: 01/01/0000
releases/2022/104-10215-10212.md                              document_date    01/01/0000            → year 0 is out of range: 01/01/0000
releases/2022/docid-32401332.md                               document_date    01/01/0000            → year 0 is out of range: 01/01/0000
releases/2022/157-10011-10001.md                              document_date    06/00/1975            → day is out of range for month: 06/00/1975
releases/2022/104-10163-10173.md                              document_date    01/01/0000            → year 0 is out of range: 01/01/0000
releases/2022/104-10301-10005.md                              document_date    01/01/0000            → year 0 is out of range: 01/01/0000
releases/2022/104-10169-10283.md                              document_date    01/01/0000            → year 0 is out of range: 01/01/0000
releases/2022/104-10528-10127.md                              document_date    01/01/0000            → year 0 is out of range: 01/01/0000
releases/2022/104-10194-10024.md                              document_date    01/01/0000            → year 0 is out of range: 01/01/0000
releases/2022/104-10079-10391.md                              document_date    01/01/0000            → year 0 is out of range: 01/01/0000
releases/2022/104-10170-10125.md                              document_date    01/01/0000            → year 0 is out of range: 01/01/0000
releases/2022/104-10291-10001.md                              document_date    01/01/0000            → year 0 is out of range: 01/01/0000
releases/2022/104-10175-10176.md                              document_date    01/01/0000            → year 0 is out of range: 01/01/0000
releases/2022/104-10113-10109.md                              document_date    01/01/0000            → year 0 is out of range: 01/01/0000
releases/2022/104-10171-10150.md                              document_date    01/01/0000            → year 0 is out of range: 01/01/0000
releases/2022/104-10510-10128.md                              document_date    01/01/0000            → year 0 is out of range: 01/01/0000
releases/2022/104-10188-10001.md                              document_date    01/01/0000            → year 0 is out of range: 01/01/0000
releases/2022/104-10130-10464.md                              document_date    01/01/0000            → year 0 is out of range: 01/01/0000
releases/2022/104-10268-10000.md                              document_date    01/01/0000            → year 0 is out of range: 01/01/0000
releases/2022/180-10145-10209.md                              document_date    02/00/1978            → day is out of range for month: 02/00/1978
releases/2022/176-10037-10120.md                              document_date    12/00/63              → day is out of range for month: 12/00/63
releases/2022/104-10106-10333.md                              document_date    01/01/0000            → year 0 is out of range: 01/01/0000
releases/2022/104-10245-10023.md                              document_date    01/01/0000            → year 0 is out of range: 01/01/0000
releases/2022/104-10164-10109.md                              document_date    01/01/0000            → year 0 is out of range: 01/01/0000
releases/2022/157-10011-10011.md                              document_date    06/00/1975            → day is out of range for month: 06/00/1975
releases/2022/104-10215-10202.md                              document_date    01/01/0000            → year 0 is out of range: 01/01/0000
releases/2022/104-10173-10169.md                              document_date    01/01/0000            → year 0 is out of range: 01/01/0000
releases/2022/104-10111-10060.md                              document_date    01/01/0000            → year 0 is out of range: 01/01/0000
releases/2022/104-10120-10345.md                              document_date    01/01/0000            → year 0 is out of range: 01/01/0000
releases/2022/104-10120-10293.md                              document_date    01/01/0000            → year 0 is out of range: 01/01/0000
releases/2022/157-10014-10102.md                              document_date    00/00/1975            → month must be in 1..12: 00/00/1975
releases/2022/104-10224-10002.md                              document_date    01/01/0000            → year 0 is out of range: 01/01/0000
releases/2022/104-10186-10334.md                              document_date    01/01/0000            → year 0 is out of range: 01/01/0000
releases/2022/178-10002-10327.md                              document_date    00/00/1975            → month must be in 1..12: 00/00/1975
releases/2022/104-10214-10034.md                              document_date    01/01/0000            → year 0 is out of range: 01/01/0000
releases/2022/104-10211-10002.md                              document_date    01/01/0000            → year 0 is out of range: 01/01/0000
releases/2022/104-10215-10125.md                              document_date    01/01/0000            → year 0 is out of range: 01/01/0000
releases/2022/157-10004-10068.md                              document_date    00/00/1976            → month must be in 1..12: 00/00/1976
releases/2022/104-10266-10026.md                              document_date    01/01/0000            → year 0 is out of range: 01/01/0000
releases/2022/104-10215-10096.md                              document_date    01/01/0000            → year 0 is out of range: 01/01/0000
releases/2022/157-10011-10005.md                              document_date    06/00/1975            → day is out of range for month: 06/00/1975
releases/2022/104-10108-10026.md                              document_date    01/01/0000            → year 0 is out of range: 01/01/0000
releases/2022/104-10220-10131.md                              document_date    01/01/0000            → year 0 is out of range: 01/01/0000
releases/2022/104-10516-10265.md                              document_date    01/01/0000            → year 0 is out of range: 01/01/0000
releases/2022/104-10166-10035.md                              document_date    01/01/0000            → year 0 is out of range: 01/01/0000
releases/2022/104-10188-10015.md                              document_date    01/01/0000            → year 0 is out of range: 01/01/0000
releases/2022/104-10175-10181.md                              document_date    01/01/0000            → year 0 is out of range: 01/01/0000
releases/2022/180-10110-10484.md                              document_date    00/00/1978            → month must be in 1..12: 00/00/1978
releases/2022/104-10194-10014.md                              document_date    01/01/0000            → year 0 is out of range: 01/01/0000
releases/2022/104-10222-10019.md                              document_date    01/01/0000            → year 0 is out of range: 01/01/0000
releases/2022/104-10145-10381.md                              document_date    01/01/0000            → year 0 is out of range: 01/01/0000
releases/2022/104-10171-10092.md                              document_date    01/01/0000            → year 0 is out of range: 01/01/0000
releases/2022/104-10171-10061.md                              document_date    09/13/0000            → year 0 is out of range: 09/13/0000
releases/2022/104-10170-10121.md                              document_date    01/01/0000            → year 0 is out of range: 01/01/0000
releases/2022/104-10049-10230.md                              document_date    01/01/0000            → year 0 is out of range: 01/01/0000
releases/2022/104-10291-10021.md                              document_date    01/01/0000            → year 0 is out of range: 01/01/0000
releases/2022/104-10136-10370.md                              document_date    01/01/0000            → year 0 is out of range: 01/01/0000
releases/2022/104-10168-10017.md                              document_date    12/27/0000            → year 0 is out of range: 12/27/0000
releases/2022/104-10178-10078.md                              document_date    01/01/0000            → year 0 is out of range: 01/01/0000
releases/2022/104-10195-10004.md                              document_date    01/01/0000            → year 0 is out of range: 01/01/0000
releases/2022/104-10268-10004.md                              document_date    01/01/0000            → year 0 is out of range: 01/01/0000
releases/2022/104-10165-10079.md                              document_date    01/01/0000            → year 0 is out of range: 01/01/0000
releases/2022/104-10181-10038.md                              document_date    01/01/0000            → year 0 is out of range: 01/01/0000
releases/2022/104-10181-10178.md                              document_date    01/01/0000            → year 0 is out of range: 01/01/0000
releases/2022/104-10225-10006.md                              document_date    01/01/0000            → year 0 is out of range: 01/01/0000
releases/2022/104-10224-10006.md                              document_date    01/01/0000            → year 0 is out of range: 01/01/0000
releases/2022/104-10187-10003.md                              document_date    01/01/0000            → year 0 is out of range: 01/01/0000
releases/2022/157-10008-10234.md                              document_date    00/00/1976            → month must be in 1..12: 00/00/1976
releases/2022/104-10308-10298.md                              document_date    01/01/0000            → year 0 is out of range: 01/01/0000
releases/2022/104-10166-10134.md                              document_date    01/01/0000            → year 0 is out of range: 01/01/0000
releases/2022/104-10172-10108.md                              document_date    01/01/0000            → year 0 is out of range: 01/01/0000
releases/2022/104-10086-10279.md                              document_date    01/01/0000            → year 0 is out of range: 01/01/0000
releases/2022/104-10111-10050.md                              document_date    01/01/0000            → year 0 is out of range: 01/01/0000
releases/2022/104-10263-10111.md                              document_date    01/01/0000            → year 0 is out of range: 01/01/0000
releases/2022/157-10011-10015.md                              document_date    06/00/1975            → day is out of range for month: 06/00/1975
releases/2022/104-10112-10445.md                              document_date    10/19/0000            → year 0 is out of range: 10/19/0000
releases/2022/104-10209-10025.md                              document_date    01/01/0000            → year 0 is out of range: 01/01/0000
releases/2022/104-10182-10001.md                              document_date    01/01/0000            → year 0 is out of range: 01/01/0000
releases/2022/104-10209-10256.md                              document_date    01/31/0000            → year 0 is out of range: 01/31/0000
releases/2022/198-10009-10099.md                              document_date    02/00/1963            → day is out of range for month: 02/00/1963
releases/2022/178-10002-10086.md                              document_date    00/00/1975            → month must be in 1..12: 00/00/1975
releases/2022/104-10187-10014.md                              document_date    01/01/0000            → year 0 is out of range: 01/01/0000
releases/2022/104-10163-10144.md                              document_date    01/01/0000            → year 0 is out of range: 01/01/0000
releases/2022/104-10121-10140.md                              document_date    01/01/0000            → year 0 is out of range: 01/01/0000
releases/2022/104-10182-10073.md                              document_date    01/01/0000            → year 0 is out of range: 01/01/0000
releases/2022/104-10215-10056.md                              document_date    01/01/0000            → year 0 is out of range: 01/01/0000
releases/2022/104-10193-10079.md                              document_date    01/01/0000            → year 0 is out of range: 01/01/0000
releases/2022/104-10256-10283.md                              document_date    01/01/0000            → year 0 is out of range: 01/01/0000
releases/2022/104-10176-10069.md                              document_date    01/01/0000            → year 0 is out of range: 01/01/0000
releases/2022/198-10004-10076.md                              document_date    00/00/1963            → month must be in 1..12: 00/00/1963
releases/2022/157-10011-10002.md                              document_date    06/00/1975            → day is out of range for month: 06/00/1975
releases/2022/104-10209-10172.md                              document_date    01/01/0000            → year 0 is out of range: 01/01/0000
releases/2022/180-10147-10332.md                              document_date    00/00/1978            → month must be in 1..12: 00/00/1978
releases/2022/104-10109-10326.md                              document_date    01/01/0000            → year 0 is out of range: 01/01/0000
releases/2022/104-10230-10019.md                              document_date    01/01/0000            → year 0 is out of range: 01/01/0000
releases/2022/104-10183-10325.md                              document_date    03/23/0000            → year 0 is out of range: 03/23/0000
releases/2022/104-10169-10273.md                              document_date    01/01/0000            → year 0 is out of range: 01/01/0000
releases/2022/104-10290-10036.md                              document_date    01/01/0000            → year 0 is out of range: 01/01/0000
releases/2022/104-10050-10200.md                              document_date    01/01/0000            → year 0 is out of range: 01/01/0000
releases/2022/104-10188-10026.md                              document_date    01/01/0000            → year 0 is out of range: 01/01/0000
releases/2022/104-10129-10440.md                              document_date    01/01/0000            → year 0 is out of range: 01/01/0000
releases/2022/104-10170-10112.md                              document_date    01/01/0000            → year 0 is out of range: 01/01/0000
releases/2022/104-10174-10064.md                              document_date    01/01/0000            → year 0 is out of range: 01/01/0000
releases/2022/104-10291-10002.md                              document_date    01/01/0000            → year 0 is out of range: 01/01/0000
releases/2022/104-10188-10012.md                              document_date    01/01/0000            → year 0 is out of range: 01/01/0000
releases/2022/104-10103-10291.md                              document_date    01/01/0000            → year 0 is out of range: 01/01/0000
releases/2022/104-10428-10018.md                              document_date    01/01/0000            → year 0 is out of range: 01/01/0000
releases/2022/104-10050-10224.md                              document_date    01/01/0000            → year 0 is out of range: 01/01/0000
releases/2022/104-10169-10135.md                              document_date    02/21/0000            → year 0 is out of range: 02/21/0000
releases/2022/104-10188-10002.md                              document_date    01/01/0000            → year 0 is out of range: 01/01/0000
releases/2022/104-10291-10012.md                              document_date    01/01/0000            → year 0 is out of range: 01/01/0000
releases/2022/104-10195-10003.md                              document_date    01/01/0000            → year 0 is out of range: 01/01/0000
releases/2022/104-10175-10025.md                              document_date    01/01/0000            → year 0 is out of range: 01/01/0000
releases/2022/104-10186-10428.md                              document_date    01/01/0000            → year 0 is out of range: 01/01/0000
releases/2022/104-10061-10206.md                              document_date    01/01/0000            → year 0 is out of range: 01/01/0000
releases/2022/104-10171-10136.md                              document_date    01/01/0000            → year 0 is out of range: 01/01/0000
releases/2022/104-10215-10072.md                              document_date    01/01/0000            → year 0 is out of range: 01/01/0000
releases/2022/180-10142-10167.md                              document_date    00/00/1978            → month must be in 1..12: 00/00/1978
releases/2022/157-10011-10012.md                              document_date    06/00/1975            → day is out of range for month: 06/00/1975
releases/2022/104-10059-10423.md                              document_date    01/01/0000            → year 0 is out of range: 01/01/0000
releases/2022/104-10187-10030.md                              document_date    01/01/0000            → year 0 is out of range: 01/01/0000
releases/2022/104-10120-10075.md                              document_date    01/01/0000            → year 0 is out of range: 01/01/0000
releases/2022/104-10182-10057.md                              document_date    01/01/0000            → year 0 is out of range: 01/01/0000
releases/2022/180-10143-10345.md                              document_date    00/00/1976            → month must be in 1..12: 00/00/1976
releases/2022/104-10182-10301.md                              document_date    01/01/0000            → year 0 is out of range: 01/01/0000
releases/2022/104-10161-10464.md                              document_date    01/01/0000            → year 0 is out of range: 01/01/0000
releases/2022/104-10193-10069.md                              document_date    01/01/0000            → year 0 is out of range: 01/01/0000
releases/2022/104-10220-10037.md                              document_date    01/01/0000            → year 0 is out of range: 01/01/0000
releases/2022/104-10224-10001.md                              document_date    01/01/0000            → year 0 is out of range: 01/01/0000
releases/2022/157-10014-10150.md                              document_date    08/00/1975            → day is out of range for month: 08/00/1975
releases/2022/104-10163-10065.md                              document_date    01/01/0000            → year 0 is out of range: 01/01/0000
releases/2022/157-10011-10006.md                              document_date    06/00/1975            → day is out of range for month: 06/00/1975
releases/2022/104-10166-10142.md                              document_date    01/01/0000            → year 0 is out of range: 01/01/0000
releases/2022/104-10215-10126.md                              document_date    01/01/0000            → year 0 is out of range: 01/01/0000
releases/2022/104-10162-10247.md                              document_date    01/01/0000            → year 0 is out of range: 01/01/0000
releases/2022/104-10211-10001.md                              document_date    01/01/0000            → year 0 is out of range: 01/01/0000
releases/2022/104-10220-10264.md                              document_date    09/01/0000            → year 0 is out of range: 09/01/0000
releases/2022/104-10186-10346.md                              document_date    12/03/0000            → year 0 is out of range: 12/03/0000
releases/2022/104-10167-10331.md                              document_date    01/01/0000            → year 0 is out of range: 01/01/0000
releases/2022/178-10004-10420.md                              document_date    06/00/1975            → day is out of range for month: 06/00/1975
releases/2022/104-10182-10137.md                              document_date    01/01/0000            → year 0 is out of range: 01/01/0000
releases/2022/104-10224-10015.md                              document_date    01/01/0000            → year 0 is out of range: 01/01/0000
releases/2022/104-10163-10140.md                              document_date    01/01/0000            → year 0 is out of range: 01/01/0000
releases/2022/104-10305-10000.md                              document_date    01/01/0000            → year 0 is out of range: 01/01/0000
releases/2022/104-10167-10067.md                              document_date    01/01/0000            → year 0 is out of range: 01/01/0000
releases/2022/104-10220-10132.md                              document_date    01/01/0000            → year 0 is out of range: 01/01/0000
releases/2022/157-10014-10144.md                              document_date    00/00/1976            → month must be in 1..12: 00/00/1976
releases/2022/104-10101-10018.md                              document_date    01/01/0000            → year 0 is out of range: 01/01/0000
releases/2022/104-10218-10008.md                              document_date    01/01/0000            → year 0 is out of range: 01/01/0000
releases/2022/104-10308-10278.md                              document_date    12/01/0000            → year 0 is out of range: 12/01/0000
releases/2022/104-10162-10222.md                              document_date    01/01/0000            → year 0 is out of range: 01/01/0000
releases/2022/104-10229-10432.md                              document_date    01/01/0000            → year 0 is out of range: 01/01/0000
releases/2022/104-10164-10099.md                              document_date    01/01/0000            → year 0 is out of range: 01/01/0000
releases/2022/104-10194-10017.md                              document_date    01/01/0000            → year 0 is out of range: 01/01/0000
releases/2022/104-10175-10182.md                              document_date    01/01/0000            → year 0 is out of range: 01/01/0000
releases/2022/104-10188-10016.md                              document_date    01/01/0000            → year 0 is out of range: 01/01/0000
releases/2022/104-10245-10000.md                              document_date    01/01/0000            → year 0 is out of range: 01/01/0000
releases/2022/104-10194-10023.md                              document_date    01/01/0000            → year 0 is out of range: 01/01/0000
releases/2022/104-10171-10062.md                              document_date    01/01/0000            → year 0 is out of range: 01/01/0000
releases/2022/157-10002-10001.md                              document_date    06/00/1975            → day is out of range for month: 06/00/1975
releases/2022/104-10169-10284.md                              document_date    01/01/0000            → year 0 is out of range: 01/01/0000
releases/2022/104-10168-10014.md                              document_date    01/01/0000            → year 0 is out of range: 01/01/0000
releases/2022/104-10290-10162.md                              document_date    01/01/0000            → year 0 is out of range: 01/01/0000
releases/2022/104-10291-10022.md                              document_date    01/01/0000            → year 0 is out of range: 01/01/0000
releases/2022/104-10186-10418.md                              document_date    01/01/0000            → year 0 is out of range: 01/01/0000
releases/2022/104-10064-10022.md                              document_date    01/01/0000            → year 0 is out of range: 01/01/0000
releases/2022/104-10181-10099.md                              document_date    01/01/0000            → year 0 is out of range: 01/01/0000
releases/2022/104-10079-10132.md                              document_date    01/01/0000            → year 0 is out of range: 01/01/0000
releases/2022/104-10290-10156.md                              document_date    01/01/0000            → year 0 is out of range: 01/01/0000
releases/2022/104-10291-10016.md                              document_date    01/01/0000            → year 0 is out of range: 01/01/0000
releases/2022/104-10169-10253.md                              document_date    01/01/0000            → year 0 is out of range: 01/01/0000
releases/2022/104-10174-10070.md                              document_date    01/01/0000            → year 0 is out of range: 01/01/0000
releases/2022/104-10219-10049.md                              document_date    01/01/0000            → year 0 is out of range: 01/01/0000
releases/2022/104-10163-10041.md                              document_date    01/01/0000            → year 0 is out of range: 01/01/0000
releases/2022/104-10162-10041.md                              document_date    01/01/0000            → year 0 is out of range: 01/01/0000
releases/2022/104-10086-10398.md                              document_date    01/01/0000            → year 0 is out of range: 01/01/0000
releases/2022/104-10224-10005.md                              document_date    01/01/0000            → year 0 is out of range: 01/01/0000
releases/2022/178-10002-10085.md                              document_date    00/00/1975            → month must be in 1..12: 00/00/1975
releases/2022/104-10162-10197.md                              document_date    01/01/0000            → year 0 is out of range: 01/01/0000
releases/2022/104-10111-10067.md                              document_date    01/01/0000            → year 0 is out of range: 01/01/0000
releases/2022/104-10221-10007.md                              document_date    01/01/0000            → year 0 is out of range: 01/01/0000
releases/2022/104-10111-10094.md                              document_date    01/01/0000            → year 0 is out of range: 01/01/0000
releases/2022/104-10111-10185.md                              document_date    01/01/0000            → year 0 is out of range: 01/01/0000
releases/2022/104-10182-10002.md                              document_date    01/01/0000            → year 0 is out of range: 01/01/0000
releases/2022/157-10011-10007.md                              document_date    06/00/1975            → day is out of range for month: 06/00/1975
releases/2022/157-10014-10242.md                              document_date    00/00/1975            → month must be in 1..12: 00/00/1975
releases/2022/104-10111-10076.md                              document_date    01/01/0000            → year 0 is out of range: 01/01/0000
releases/2022/104-10215-10127.md                              document_date    01/01/0000            → year 0 is out of range: 01/01/0000
releases/2022/104-10163-10141.md                              document_date    01/01/0000            → year 0 is out of range: 01/01/0000
releases/2022/104-10221-10022.md                              document_date    01/01/0000            → year 0 is out of range: 01/01/0000
releases/2022/104-10182-10136.md                              document_date    01/01/0000            → year 0 is out of range: 01/01/0000
releases/2022/104-10187-10040.md                              document_date    01/01/0000            → year 0 is out of range: 01/01/0000
releases/2022/104-10166-10126.md                              document_date    01/01/0000            → year 0 is out of range: 01/01/0000
releases/2022/104-10210-10034.md                              document_date    01/01/0000            → year 0 is out of range: 01/01/0000
releases/2022/104-10218-10009.md                              document_date    01/01/0000            → year 0 is out of range: 01/01/0000
releases/2022/157-10014-10227.md                              document_date    06/00/1975            → day is out of range for month: 06/00/1975
releases/2022/104-10186-10322.md                              document_date    01/01/0000            → year 0 is out of range: 01/01/0000
releases/2022/104-10194-10016.md                              document_date    01/01/0000            → year 0 is out of range: 01/01/0000
releases/2022/104-10174-10030.md                              document_date    05/10/0000            → year 0 is out of range: 05/10/0000
releases/2022/104-10079-10301.md                              document_date    01/01/0000            → year 0 is out of range: 01/01/0000
releases/2022/104-10194-10022.md                              document_date    01/01/0000            → year 0 is out of range: 01/01/0000
releases/2022/104-10169-10285.md                              document_date    01/01/0000            → year 0 is out of range: 01/01/0000
releases/2022/104-10103-10020.md                              document_date    01/01/0000            → year 0 is out of range: 01/01/0000
releases/2022/104-10188-10023.md                              document_date    01/01/0000            → year 0 is out of range: 01/01/0000
releases/2022/104-10170-10181.md                              document_date    01/01/0000            → year 0 is out of range: 01/01/0000
releases/2022/104-10141-10065.md                              document_date    01/01/0000            → year 0 is out of range: 01/01/0000
releases/2022/104-10169-10252.md                              document_date    01/01/0000            → year 0 is out of range: 01/01/0000
releases/2022/104-10291-10017.md                              document_date    01/01/0000            → year 0 is out of range: 01/01/0000
releases/2022/docid-32269709.md                               document_date    07/00/1978            → day is out of range for month: 07/00/1978
releases/2022/104-10174-10071.md                              document_date    01/01/0000            → year 0 is out of range: 01/01/0000
releases/2022/104-10433-10167.md                              document_date    01/01/0000            → year 0 is out of range: 01/01/0000
releases/2022/104-10183-10355.md                              document_date    01/01/0000            → year 0 is out of range: 01/01/0000
releases/2022/104-10187-10001.md                              document_date    01/01/0000            → year 0 is out of range: 01/01/0000
releases/2022/104-10167-10136.md                              document_date    01/01/0000            → year 0 is out of range: 01/01/0000
releases/2022/104-10120-10044.md                              document_date    05/24/0000            → year 0 is out of range: 05/24/0000
releases/2022/104-10063-10389.md                              document_date    01/01/0000            → year 0 is out of range: 01/01/0000
releases/2022/104-10086-10399.md                              document_date    01/01/0000            → year 0 is out of range: 01/01/0000
releases/2022/104-10224-10004.md                              document_date    01/01/0000            → year 0 is out of range: 01/01/0000
releases/2022/104-10163-10087.md                              document_date    01/01/0000            → year 0 is out of range: 01/01/0000
releases/2022/104-10105-10278.md                              document_date    01/01/0000            → year 0 is out of range: 01/01/0000
releases/2022/180-10142-10162.md                              document_date    00/00/1978            → month must be in 1..12: 00/00/1978
releases/2022/157-10008-10253.md                              document_date    00/00/1976            → month must be in 1..12: 00/00/1976
releases/2022/104-10182-10052.md                              document_date    01/01/0000            → year 0 is out of range: 01/01/0000
releases/2022/104-10422-10019.md                              document_date    01/01/0000            → year 0 is out of range: 01/01/0000
releases/2022/104-10225-10030.md                              document_date    01/01/0000            → year 0 is out of range: 01/01/0000
releases/2022/104-10119-10228.md                              document_date    01/01/0000            → year 0 is out of range: 01/01/0000
releases/2022/104-10182-10003.md                              document_date    01/01/0000            → year 0 is out of range: 01/01/0000
releases/2022/104-10187-10155.md                              document_date    01/01/0000            → year 0 is out of range: 01/01/0000
releases/2022/104-10162-10114.md                              document_date    01/01/0000            → year 0 is out of range: 01/01/0000
releases/2022/104-10221-10026.md                              document_date    01/01/0000            → year 0 is out of range: 01/01/0000
releases/2022/104-10305-10005.md                              document_date    01/01/0000            → year 0 is out of range: 01/01/0000
releases/2022/178-10003-10397.md                              document_date    00/00/1975            → month must be in 1..12: 00/00/1975
releases/2022/104-10182-10072.md                              document_date    01/01/0000            → year 0 is out of range: 01/01/0000
releases/2022/104-10176-10068.md                              document_date    01/01/0000            → year 0 is out of range: 01/01/0000
releases/2022/157-10008-10000.md                              document_date    06/00/1975            → day is out of range for month: 06/00/1975
releases/2022/104-10187-10070.md                              document_date    01/01/0000            → year 0 is out of range: 01/01/0000
releases/2022/104-10120-10064.md                              document_date    05/20/0000            → year 0 is out of range: 05/20/0000
releases/2022/157-10011-10003.md                              document_date    06/00/1975            → day is out of range for month: 06/00/1975
releases/2022/104-10219-10039.md                              document_date    06/22/0000            → year 0 is out of range: 06/22/0000
releases/2022/104-10162-10242.md                              document_date    01/01/0000            → year 0 is out of range: 01/01/0000
releases/2022/180-10143-10176.md                              document_date    00/00/1978            → month must be in 1..12: 00/00/1978
releases/2022/104-10194-10026.md                              document_date    01/01/0000            → year 0 is out of range: 01/01/0000
releases/2022/157-10002-10004.md                              document_date    06/00/1975            → day is out of range for month: 06/00/1975
releases/2022/104-10174-10140.md                              document_date    01/01/0000            → year 0 is out of range: 01/01/0000
releases/2022/104-10213-10058.md                              document_date    01/01/0000            → year 0 is out of range: 01/01/0000
releases/2022/176-10036-10023.md                              document_date    8/00/1963             → day is out of range for month: 8/00/1963
releases/2022/104-10175-10034.md                              document_date    01/01/0000            → year 0 is out of range: 01/01/0000
releases/2022/104-10174-10065.md                              document_date    01/01/0000            → year 0 is out of range: 01/01/0000
releases/2022/104-10170-10113.md                              document_date    01/01/0000            → year 0 is out of range: 01/01/0000
releases/2022/104-10194-10012.md                              document_date    01/01/0000            → year 0 is out of range: 01/01/0000
releases/2022/104-10291-10003.md                              document_date    01/01/0000            → year 0 is out of range: 01/01/0000
releases/2022/104-10535-10001.md                              document_date    01/01/0000            → year 0 is out of range: 01/01/0000
releases/2022/104-10268-10012.md                              document_date    01/01/0000            → year 0 is out of range: 01/01/0000
releases/2022/104-10188-10052.md                              document_date    01/01/0000            → year 0 is out of range: 01/01/0000
releases/2022/104-10188-10003.md                              document_date    01/01/0000            → year 0 is out of range: 01/01/0000
releases/2022/104-10291-10013.md                              document_date    01/01/0000            → year 0 is out of range: 01/01/0000
releases/2022/104-10194-10002.md                              document_date    01/01/0000            → year 0 is out of range: 01/01/0000
releases/2022/104-10195-10002.md                              document_date    01/01/0000            → year 0 is out of range: 01/01/0000
releases/2022/104-10209-10201.md                              document_date    01/01/0000            → year 0 is out of range: 01/01/0000
releases/2022/178-10003-10311.md                              document_date    03/00/1975            → day is out of range for month: 03/00/1975
releases/2022/104-10163-10130.md                              document_date    01/01/0000            → year 0 is out of range: 01/01/0000
releases/2022/157-10011-10013.md                              document_date    06/00/1975            → day is out of range for month: 06/00/1975
releases/2022/104-10182-10007.md                              document_date    01/01/0000            → year 0 is out of range: 01/01/0000
releases/2022/104-10166-10157.md                              document_date    01/01/0000            → year 0 is out of range: 01/01/0000
releases/2022/104-10300-10157.md                              document_date    01/01/0000            → year 0 is out of range: 01/01/0000
releases/2022/104-10177-10078.md                              document_date    11/29/0000            → year 0 is out of range: 11/29/0000
releases/2022/104-10161-10525.md                              document_date    01/01/0000            → year 0 is out of range: 01/01/0000
releases/2022/104-10183-10091.md                              document_date    01/01/0000            → year 0 is out of range: 01/01/0000
releases/2022/104-10225-10000.md                              document_date    01/01/0000            → year 0 is out of range: 01/01/0000
releases/2022/104-10224-10000.md                              document_date    01/01/0000            → year 0 is out of range: 01/01/0000
releases/2022/104-10220-10067.md                              document_date    01/01/0000            → year 0 is out of range: 01/01/0000
releases/2022/104-10303-10001.md                              document_date    01/01/0000            → year 0 is out of range: 01/01/0000
releases/2022/104-10165-10141.md                              document_date    01/01/0000            → year 0 is out of range: 01/01/0000
releases/2022/docid-34431976.md                               document_date    00/00/00              → month must be in 1..12: 00/00/00
releases/2022/104-10181-10011.md                              document_date    01/01/0000            → year 0 is out of range: 01/01/0000
releases/2022/104-10164-10110.md                              document_date    01/01/0000            → year 0 is out of range: 01/01/0000
releases/2022/104-10164-10050.md                              document_date    01/01/0000            → year 0 is out of range: 01/01/0000
releases/2022/104-10418-10202.md                              document_date    01/01/0000            → year 0 is out of range: 01/01/0000
releases/2022/104-10222-10045.md                              document_date    01/01/0000            → year 0 is out of range: 01/01/0000
releases/2022/104-10095-10075.md                              document_date    01/01/0000            → year 0 is out of range: 01/01/0000
releases/2022/104-10267-10407.md                              document_date    11/29/0000            → year 0 is out of range: 11/29/0000
releases/2022/104-10178-10000.md                              document_date    01/01/0000            → year 0 is out of range: 01/01/0000
releases/2022/104-10165-10124.md                              document_date    01/01/0000            → year 0 is out of range: 01/01/0000
releases/2022/104-10178-10096.md                              document_date    01/01/0000            → year 0 is out of range: 01/01/0000
releases/2022/104-10113-10262.md                              document_date    01/01/0000            → year 0 is out of range: 01/01/0000
releases/2022/104-10171-10149.md                              document_date    01/01/0000            → year 0 is out of range: 01/01/0000
releases/2022/104-10185-10260.md                              document_date    01/01/0000            → year 0 is out of range: 01/01/0000
releases/2022/104-10164-10097.md                              document_date    01/01/0000            → year 0 is out of range: 01/01/0000
releases/2022/104-10074-10176.md                              document_date    01/01/0000            → year 0 is out of range: 01/01/0000
releases/2022/104-10194-10019.md                              document_date    01/01/0000            → year 0 is out of range: 01/01/0000
releases/2022/104-10066-10242.md                              document_date    01/01/0000            → year 0 is out of range: 01/01/0000
releases/2022/104-10131-10111.md                              document_date    01/01/0000            → year 0 is out of range: 01/01/0000
releases/2022/157-10014-10228.md                              document_date    06/00/1975            → day is out of range for month: 06/00/1975
releases/2022/104-10516-10239.md                              document_date    01/01/0000            → year 0 is out of range: 01/01/0000
releases/2022/104-10231-10042.md                              document_date    01/01/0000            → year 0 is out of range: 01/01/0000
releases/2022/104-10176-10006.md                              document_date    01/01/0000            → year 0 is out of range: 01/01/0000
releases/2022/104-10215-10128.md                              document_date    01/01/0000            → year 0 is out of range: 01/01/0000
releases/2022/104-10173-10170.md                              document_date    01/01/0000            → year 0 is out of range: 01/01/0000
releases/2022/104-10130-10356.md                              document_date    01/01/0000            → year 0 is out of range: 01/01/0000
releases/2022/104-10177-10224.md                              document_date    01/01/0000            → year 0 is out of range: 01/01/0000
releases/2022/157-10011-10008.md                              document_date    06/00/1975            → day is out of range for month: 06/00/1975
releases/2022/104-10130-10346.md                              document_date    06/27/0000            → year 0 is out of range: 06/27/0000
releases/2022/104-10215-10029.md                              document_date    01/01/0000            → year 0 is out of range: 01/01/0000
releases/2022/104-10182-10069.md                              document_date    01/01/0000            → year 0 is out of range: 01/01/0000
releases/2022/104-10422-10022.md                              document_date    01/01/0000            → year 0 is out of range: 01/01/0000
releases/2022/104-10229-10000.md                              document_date    01/01/0000            → year 0 is out of range: 01/01/0000
releases/2022/104-10172-10105.md                              document_date    01/01/0000            → year 0 is out of range: 01/01/0000
releases/2022/104-10176-10073.md                              document_date    01/01/0000            → year 0 is out of range: 01/01/0000
releases/2022/157-10004-10290.md                              document_date    00/00/1975            → month must be in 1..12: 00/00/1975
releases/2022/104-10218-10047.md                              document_date    01/01/0000            → year 0 is out of range: 01/01/0000
releases/2022/104-10165-10087.md                              document_date    01/01/0000            → year 0 is out of range: 01/01/0000
releases/2022/104-10194-10009.md                              document_date    01/01/0000            → year 0 is out of range: 01/01/0000
releases/2022/104-10171-10019.md                              document_date    01/01/0000            → year 0 is out of range: 01/01/0000
releases/2022/104-10165-10134.md                              document_date    01/01/0000            → year 0 is out of range: 01/01/0000
releases/2022/104-10226-10117.md                              document_date    01/01/0000            → year 0 is out of range: 01/01/0000
releases/2022/104-10140-10308.md                              document_date    01/01/0000            → year 0 is out of range: 01/01/0000
releases/2022/104-10149-10006.md                              document_date    01/01/0000            → year 0 is out of range: 01/01/0000
releases/2022/104-10180-10050.md                              document_date    01/01/0000            → year 0 is out of range: 01/01/0000
releases/2022/104-10120-10671.md                              document_date    07/26/0000            → year 0 is out of range: 07/26/0000
releases/2022/104-10164-10060.md                              document_date    01/01/0000            → year 0 is out of range: 01/01/0000
releases/2022/104-10185-10017.md                              document_date    01/01/0000            → year 0 is out of range: 01/01/0000
releases/2022/104-10185-10264.md                              document_date    01/01/0000            → year 0 is out of range: 01/01/0000
releases/2022/104-10189-10028.md                              document_date    01/01/0000            → year 0 is out of range: 01/01/0000
releases/2022/104-10222-10041.md                              document_date    01/01/0000            → year 0 is out of range: 01/01/0000
releases/2022/104-10164-10054.md                              document_date    01/01/0000            → year 0 is out of range: 01/01/0000
releases/2022/104-10180-10044.md                              document_date    01/01/0000            → year 0 is out of range: 01/01/0000
releases/2022/104-10103-10318.md                              document_date    01/01/0000            → year 0 is out of range: 01/01/0000
releases/2022/104-10178-10144.md                              document_date    01/01/0000            → year 0 is out of range: 01/01/0000
releases/2022/104-10088-10252.md                              document_date    01/01/0000            → year 0 is out of range: 01/01/0000
releases/2022/104-10176-10002.md                              document_date    01/01/0000            → year 0 is out of range: 01/01/0000
releases/2022/104-10128-10274.md                              document_date    01/01/0000            → year 0 is out of range: 01/01/0000
releases/2022/104-10422-10053.md                              document_date    01/01/0000            → year 0 is out of range: 01/01/0000
releases/2022/104-10177-10220.md                              document_date    01/01/0000            → year 0 is out of range: 01/01/0000
releases/2022/104-10301-10008.md                              document_date    01/01/0000            → year 0 is out of range: 01/01/0000
releases/2022/104-10176-10067.md                              document_date    01/01/0000            → year 0 is out of range: 01/01/0000
releases/2022/104-10172-10111.md                              document_date    01/01/0000            → year 0 is out of range: 01/01/0000
releases/2022/104-10186-10329.md                              document_date    01/01/0000            → year 0 is out of range: 01/01/0000
releases/2022/104-10193-10077.md                              document_date    01/01/0000            → year 0 is out of range: 01/01/0000
releases/2022/157-10011-10069.md                              document_date    05/00/1975            → day is out of range for month: 05/00/1975
releases/2022/104-10209-10018.md                              document_date    01/01/0000            → year 0 is out of range: 01/01/0000
releases/2022/104-10220-10128.md                              document_date    01/01/0000            → year 0 is out of range: 01/01/0000
releases/2022/104-10221-10039.md                              document_date    01/01/0000            → year 0 is out of range: 01/01/0000
releases/2022/104-10219-10043.md                              document_date    01/05/0000            → year 0 is out of range: 01/05/0000
releases/2022/104-10218-10012.md                              document_date    01/01/0000            → year 0 is out of range: 01/01/0000
releases/2022/104-10166-10158.md                              document_date    01/01/0000            → year 0 is out of range: 01/01/0000
releases/2022/104-10172-10346.md                              document_date    08/19/0000            → year 0 is out of range: 08/19/0000
releases/2022/104-10177-10230.md                              document_date    01/01/0000            → year 0 is out of range: 01/01/0000
releases/2022/104-10135-10325.md                              document_date    01/01/0000            → year 0 is out of range: 01/01/0000
releases/2022/104-10308-10074.md                              document_date    01/01/0000            → year 0 is out of range: 01/01/0000
releases/2022/104-10118-10001.md                              document_date    01/01/0000            → year 0 is out of range: 01/01/0000
releases/2022/104-10173-10135.md                              document_date    01/01/0000            → year 0 is out of range: 01/01/0000
releases/2022/104-10192-10002.md                              document_date    01/01/0000            → year 0 is out of range: 01/01/0000
releases/2022/104-10178-10105.md                              document_date    01/01/0000            → year 0 is out of range: 01/01/0000
releases/2022/104-10171-10138.md                              document_date    01/01/0000            → year 0 is out of range: 01/01/0000
releases/2022/104-10178-10154.md                              document_date    01/01/0000            → year 0 is out of range: 01/01/0000
releases/2022/104-10088-10213.md                              document_date    01/01/0000            → year 0 is out of range: 01/01/0000
releases/2022/104-10161-10190.md                              document_date    01/01/0000            → year 0 is out of range: 01/01/0000
releases/2022/104-10222-10000.md                              document_date    01/01/0000            → year 0 is out of range: 01/01/0000
releases/2022/104-10006-10284.md                              document_date    01/01/0000            → year 0 is out of range: 01/01/0000
releases/2022/104-10181-10005.md                              document_date    01/01/0000            → year 0 is out of range: 01/01/0000
releases/2022/104-10216-10154.md                              document_date    01/01/0000            → year 0 is out of range: 01/01/0000
releases/2022/104-10213-10022.md                              document_date    01/01/0000            → year 0 is out of range: 01/01/0000
releases/2022/104-10181-10182.md                              document_date    04/17/0000            → year 0 is out of range: 04/17/0000
releases/2022/104-10180-10171.md                              document_date    01/01/0000            → year 0 is out of range: 01/01/0000
releases/2022/104-10106-10179.md                              document_date    01/01/0000            → year 0 is out of range: 01/01/0000
releases/2022/104-10180-10031.md                              document_date    01/01/0000            → year 0 is out of range: 01/01/0000
releases/2022/104-10165-10130.md                              document_date    01/01/0000            → year 0 is out of range: 01/01/0000
releases/2022/104-10216-10327.md                              document_date    10/27/0000            → year 0 is out of range: 10/27/0000
releases/2022/104-10180-10060.md                              document_date    01/01/0000            → year 0 is out of range: 01/01/0000
releases/2022/104-10165-10121.md                              document_date    01/01/0000            → year 0 is out of range: 01/01/0000
releases/2022/104-10185-10265.md                              document_date    01/01/0000            → year 0 is out of range: 01/01/0000
releases/2022/104-10181-10154.md                              document_date    01/01/0000            → year 0 is out of range: 01/01/0000
releases/2022/104-10222-10040.md                              document_date    01/01/0000            → year 0 is out of range: 01/01/0000
releases/2022/104-10165-10004.md                              document_date    01/01/0000            → year 0 is out of range: 01/01/0000
releases/2022/104-10164-10004.md                              document_date    01/01/0000            → year 0 is out of range: 01/01/0000
releases/2022/docid-34431973.md                               document_date    05/00/1966            → day is out of range for month: 05/00/1966
releases/2022/104-10219-10037.md                              document_date    01/01/0000            → year 0 is out of range: 01/01/0000
releases/2022/104-10173-10097.md                              document_date    01/01/0000            → year 0 is out of range: 01/01/0000
releases/2022/104-10177-10221.md                              document_date    01/01/0000            → year 0 is out of range: 01/01/0000
releases/2022/104-10301-10009.md                              document_date    01/01/0000            → year 0 is out of range: 01/01/0000
releases/2022/104-10172-10110.md                              document_date    01/01/0000            → year 0 is out of range: 01/01/0000
releases/2022/104-10234-10105.md                              document_date    01/01/0000            → year 0 is out of range: 01/01/0000
releases/2022/104-10193-10076.md                              document_date    01/01/0000            → year 0 is out of range: 01/01/0000
releases/2022/104-10111-10048.md                              document_date    01/01/0000            → year 0 is out of range: 01/01/0000
releases/2022/104-10176-10037.md                              document_date    02/12/0000            → year 0 is out of range: 02/12/0000
releases/2022/104-10220-10028.md                              document_date    01/01/0000            → year 0 is out of range: 01/01/0000
releases/2022/104-10192-10194.md                              document_date    01/01/0000            → year 0 is out of range: 01/01/0000
releases/2022/104-10220-10069.md                              document_date    01/01/0000            → year 0 is out of range: 01/01/0000
releases/2022/104-10308-10010.md                              document_date    01/01/0000            → year 0 is out of range: 01/01/0000
releases/2022/104-10119-10125.md                              document_date    01/01/0000            → year 0 is out of range: 01/01/0000
releases/2022/104-10219-10153.md                              document_date    01/01/0000            → year 0 is out of range: 01/01/0000
releases/2022/104-10177-10076.md                              document_date    11/29/0000            → year 0 is out of range: 11/29/0000
releases/2022/104-10218-10013.md                              document_date    01/01/0000            → year 0 is out of range: 01/01/0000
releases/2022/104-10177-10231.md                              document_date    01/01/0000            → year 0 is out of range: 01/01/0000
releases/2022/104-10173-10134.md                              document_date    01/01/0000            → year 0 is out of range: 01/01/0000
releases/2022/104-10173-10165.md                              document_date    01/01/0000            → year 0 is out of range: 01/01/0000
releases/2022/104-10308-10206.md                              document_date    01/01/0000            → year 0 is out of range: 01/01/0000
releases/2022/104-10218-10076.md                              document_date    01/01/0000            → year 0 is out of range: 01/01/0000
releases/2022/104-10431-10105.md                              document_date    01/01/0000            → year 0 is out of range: 01/01/0000
releases/2022/104-10170-10139.md                              document_date    01/01/0000            → year 0 is out of range: 01/01/0000
releases/2022/104-10102-10189.md                              document_date    01/01/0000            → year 0 is out of range: 01/01/0000
releases/2022/104-10110-10662.md                              document_date    01/01/0000            → year 0 is out of range: 01/01/0000
releases/2022/104-10510-10141.md                              document_date    01/01/0000            → year 0 is out of range: 01/01/0000
releases/2022/104-10222-10001.md                              document_date    01/01/0000            → year 0 is out of range: 01/01/0000
releases/2022/104-10217-10155.md                              document_date    01/01/0000            → year 0 is out of range: 01/01/0000
releases/2022/104-10180-10170.md                              document_date    01/01/0000            → year 0 is out of range: 01/01/0000
releases/2022/104-10227-10003.md                              document_date    01/01/0000            → year 0 is out of range: 01/01/0000
releases/2022/197-10002-10190.md                              document_date    00/00/1963            → month must be in 1..12: 00/00/1963
releases/2022/104-10181-10121.md                              document_date    01/01/0000            → year 0 is out of range: 01/01/0000
releases/2022/104-10164-10000.md                              document_date    01/01/0000            → year 0 is out of range: 01/01/0000
releases/2022/docid-34431977.md                               document_date    00/00/00              → month must be in 1..12: 00/00/00
releases/2022/104-10302-10000.md                              document_date    01/01/0000            → year 0 is out of range: 01/01/0000
releases/2022/104-10165-10140.md                              document_date    01/01/0000            → year 0 is out of range: 01/01/0000
releases/2022/104-10307-10067.md                              document_date    01/01/0000            → year 0 is out of range: 01/01/0000
releases/2022/104-10180-10010.md                              document_date    01/01/0000            → year 0 is out of range: 01/01/0000
releases/2022/104-10165-10111.md                              document_date    01/01/0000            → year 0 is out of range: 01/01/0000
releases/2022/104-10431-10000.md                              document_date    01/01/0000            → year 0 is out of range: 01/01/0000
releases/2022/104-10178-10001.md                              document_date    01/01/0000            → year 0 is out of range: 01/01/0000
releases/2022/104-10217-10223.md                              document_date    01/01/0000            → year 0 is out of range: 01/01/0000
releases/2022/104-10165-10125.md                              document_date    01/01/0000            → year 0 is out of range: 01/01/0000
releases/2022/104-10425-10008.md                              document_date    01/01/0000            → year 0 is out of range: 01/01/0000
releases/2022/104-10400-10311.md                              document_date    01/01/0000            → year 0 is out of range: 01/01/0000
releases/2022/104-10194-10018.md                              document_date    01/01/0000            → year 0 is out of range: 01/01/0000
releases/2022/104-10291-10009.md                              document_date    01/01/0000            → year 0 is out of range: 01/01/0000
releases/2022/104-10063-10275.md                              document_date    01/01/0000            → year 0 is out of range: 01/01/0000
releases/2022/104-10218-10007.md                              document_date    01/01/0000            → year 0 is out of range: 01/01/0000
releases/2022/104-10193-10163.md                              document_date    01/01/0000            → year 0 is out of range: 01/01/0000
releases/2022/104-10413-10025.md                              document_date    01/01/0000            → year 0 is out of range: 01/01/0000
releases/2022/104-10172-10114.md                              document_date    01/01/0000            → year 0 is out of range: 01/01/0000
releases/2022/104-10166-10128.md                              document_date    01/01/0000            → year 0 is out of range: 01/01/0000
releases/2022/176-10037-10460.md                              document_date    00/00/63              → month must be in 1..12: 00/00/63
releases/2022/104-10418-10439.md                              document_date    01/01/0000            → year 0 is out of range: 01/01/0000
releases/2022/104-10162-10248.md                              document_date    01/01/0000            → year 0 is out of range: 01/01/0000
releases/2022/104-10308-10303.md                              document_date    01/01/0000            → year 0 is out of range: 01/01/0000
releases/2022/104-10231-10043.md                              document_date    01/01/0000            → year 0 is out of range: 01/01/0000
releases/2022/104-10177-10056.md                              document_date    01/01/0000            → year 0 is out of range: 01/01/0000
releases/2022/104-10215-10129.md                              document_date    01/01/0000            → year 0 is out of range: 01/01/0000
releases/2022/104-10177-10147.md                              document_date    01/01/0000            → year 0 is out of range: 01/01/0000
releases/2022/104-10219-10122.md                              document_date    01/19/0000            → year 0 is out of range: 01/19/0000
releases/2022/104-10173-10171.md                              document_date    01/01/0000            → year 0 is out of range: 01/01/0000
releases/2022/104-10177-10225.md                              document_date    01/01/0000            → year 0 is out of range: 01/01/0000
releases/2022/104-10220-10049.md                              document_date    01/01/0000            → year 0 is out of range: 01/01/0000
releases/2022/104-10218-10180.md                              document_date    01/01/0000            → year 0 is out of range: 01/01/0000
releases/2022/157-10011-10009.md                              document_date    06/00/1975            → day is out of range for month: 06/00/1975
releases/2022/104-10104-10145.md                              document_date    01/01/0000            → year 0 is out of range: 01/01/0000
releases/2022/104-10308-10020.md                              document_date    01/01/0000            → year 0 is out of range: 01/01/0000
releases/2022/104-10173-10130.md                              document_date    01/01/0000            → year 0 is out of range: 01/01/0000
releases/2022/104-10163-10089.md                              document_date    01/01/0000            → year 0 is out of range: 01/01/0000
releases/2022/104-10086-10397.md                              document_date    01/01/0000            → year 0 is out of range: 01/01/0000
releases/2022/104-10133-10461.md                              document_date    01/01/0000            → year 0 is out of range: 01/01/0000
releases/2022/104-10247-10103.md                              document_date    01/01/0000            → year 0 is out of range: 01/01/0000
releases/2022/104-10173-10104.md                              document_date    01/01/0000            → year 0 is out of range: 01/01/0000
releases/2022/104-10218-10106.md                              document_date    01/01/0000            → year 0 is out of range: 01/01/0000
releases/2022/104-10218-10046.md                              document_date    01/01/0000            → year 0 is out of range: 01/01/0000
releases/2022/104-10291-10019.md                              document_date    01/01/0000            → year 0 is out of range: 01/01/0000
releases/2022/104-10195-10008.md                              document_date    01/01/0000            → year 0 is out of range: 01/01/0000
releases/2022/104-10170-10109.md                              document_date    01/01/0000            → year 0 is out of range: 01/01/0000
releases/2022/104-10074-10085.md                              document_date    01/01/0000            → year 0 is out of range: 01/01/0000
releases/2022/104-10268-10008.md                              document_date    01/01/0000            → year 0 is out of range: 01/01/0000
releases/2022/docid-32105625.md                               document_date    00/00/1975            → month must be in 1..12: 00/00/1975
releases/2022/104-10165-10075.md                              document_date    01/01/0000            → year 0 is out of range: 01/01/0000
releases/2022/104-10515-10033.md                              document_date    01/01/0000            → year 0 is out of range: 01/01/0000
releases/2022/104-10074-10102.md                              document_date    01/01/0000            → year 0 is out of range: 01/01/0000
releases/2022/104-10179-10151.md                              document_date    08/10/0000            → year 0 is out of range: 08/10/0000
releases/2022/144-10001-10375_docid_6782991_sealed.md         document_date    0/0/1964              → month must be in 1..12: 0/0/1964
releases/2022/104-10222-10005.md                              document_date    01/01/0000            → year 0 is out of range: 01/01/0000
releases/2022/104-10226-10033.md                              document_date    06/10/0000            → year 0 is out of range: 06/10/0000
releases/2023/104-10185-10266.md                              document_date    01/01/0000            → year 0 is out of range: 01/01/0000
releases/2023/104-10174-10068.md                              document_date    01/01/0000            → year 0 is out of range: 01/01/0000
releases/2023/104-10106-10198.md                              document_date    01/01/0000            → year 0 is out of range: 01/01/0000
releases/2023/104-10180-10023.md                              document_date    01/01/0000            → year 0 is out of range: 01/01/0000
releases/2023/104-10110-10527.md                              document_date    01/01/0000            → year 0 is out of range: 01/01/0000
releases/2023/104-10222-10012.md                              document_date    01/01/0000            → year 0 is out of range: 01/01/0000
releases/2023/178-10004-10115.md                              document_date    00/00/1975            → month must be in 1..12: 00/00/1975
releases/2023/104-10222-10043.md                              document_date    01/01/0000            → year 0 is out of range: 01/01/0000
releases/2023/104-10176-10222.md                              document_date    01/01/0000            → year 0 is out of range: 01/01/0000
releases/2023/104-10422-10051.md                              document_date    01/01/0000            → year 0 is out of range: 01/01/0000
releases/2023/157-10014-10178.md                              document_date    00/00/1975            → month must be in 1..12: 00/00/1975
releases/2023/104-10173-10036.md                              document_date    01/01/0000            → year 0 is out of range: 01/01/0000
releases/2023/104-10187-10158.md                              document_date    01/01/0000            → year 0 is out of range: 01/01/0000
releases/2023/104-10193-10075.md                              document_date    01/01/0000            → year 0 is out of range: 01/01/0000
releases/2023/104-10177-10135.md                              document_date    01/01/0000            → year 0 is out of range: 01/01/0000
releases/2023/104-10176-10075.md                              document_date    01/01/0000            → year 0 is out of range: 01/01/0000
releases/2023/104-10177-10206.md                              document_date    01/01/0000            → year 0 is out of range: 01/01/0000
releases/2023/104-10186-10008.md                              document_date    01/01/0000            → year 0 is out of range: 01/01/0000
releases/2023/104-10173-10166.md                              document_date    01/01/0000            → year 0 is out of range: 01/01/0000
releases/2023/104-10176-10010.md                              document_date    01/01/0000            → year 0 is out of range: 01/01/0000
releases/2023/104-10192-10222.md                              document_date    01/01/0000            → year 0 is out of range: 01/01/0000
releases/2023/180-10142-10318.md                              document_date    03/00/1978            → day is out of range for month: 03/00/1978
releases/2023/104-10181-10007.md                              document_date    01/01/0000            → year 0 is out of range: 01/01/0000
releases/2023/104-10222-10002.md                              document_date    01/01/0000            → year 0 is out of range: 01/01/0000
releases/2023/104-10227-10000.md                              document_date    01/01/0000            → year 0 is out of range: 01/01/0000
releases/2023/104-10106-10188.md                              document_date    01/01/0000            → year 0 is out of range: 01/01/0000
releases/2023/104-10178-10002.md                              document_date    01/01/0000            → year 0 is out of range: 01/01/0000
releases/2023/104-10164-10112.md                              document_date    01/01/0000            → year 0 is out of range: 01/01/0000
releases/2023/104-10217-10185.md                              document_date    01/01/0000            → year 0 is out of range: 01/01/0000
releases/2023/104-10303-10003.md                              document_date    01/01/0000            → year 0 is out of range: 01/01/0000
releases/2023/104-10181-10042.md                              document_date    01/01/0000            → year 0 is out of range: 01/01/0000
releases/2023/104-10180-10042.md                              document_date    01/01/0000            → year 0 is out of range: 01/01/0000
releases/2023/104-10178-10185.md                              document_date    01/01/0000            → year 0 is out of range: 01/01/0000
releases/2023/104-10193-10160.md                              document_date    01/01/0000            → year 0 is out of range: 01/01/0000
releases/2023/104-10177-10121.md                              document_date    01/01/0000            → year 0 is out of range: 01/01/0000
releases/2023/104-10210-10068.md                              document_date    01/01/0000            → year 0 is out of range: 01/01/0000
releases/2023/104-10266-10138.md                              document_date    01/01/0000            → year 0 is out of range: 01/01/0000
releases/2023/104-10177-10226.md                              document_date    01/01/0000            → year 0 is out of range: 01/01/0000
releases/2023/104-10215-10099.md                              document_date    01/01/0000            → year 0 is out of range: 01/01/0000
releases/2023/104-10176-10004.md                              document_date    01/01/0000            → year 0 is out of range: 01/01/0000
releases/2023/104-10173-10133.md                              document_date    01/01/0000            → year 0 is out of range: 01/01/0000
releases/2023/104-10173-10162.md                              document_date    01/01/0000            → year 0 is out of range: 01/01/0000
releases/2023/104-10310-10020.md                              document_date    01/01/0000            → year 0 is out of range: 01/01/0000
releases/2023/104-10172-10107.md                              document_date    01/01/0000            → year 0 is out of range: 01/01/0000
releases/2023/104-10173-10107.md                              document_date    01/01/0000            → year 0 is out of range: 01/01/0000
releases/2023/104-10219-10154.md                              document_date    01/01/0000            → year 0 is out of range: 01/01/0000
releases/2023/104-10225-10009.md                              document_date    01/01/0000            → year 0 is out of range: 01/01/0000
releases/2023/104-10256-10268.md                              document_date    01/01/0000            → year 0 is out of range: 01/01/0000
releases/2023/104-10229-10002.md                              document_date    01/01/0000            → year 0 is out of range: 01/01/0000
releases/2023/104-10510-10090.md                              document_date    01/01/0000            → year 0 is out of range: 01/01/0000
releases/2023/104-10180-10037.md                              document_date    01/01/0000            → year 0 is out of range: 01/01/0000
releases/2023/104-10222-10032.md                              document_date    01/01/0000            → year 0 is out of range: 01/01/0000
releases/2023/104-10161-10322.md                              document_date    01/01/0000            → year 0 is out of range: 01/01/0000
releases/2023/104-10306-10025.md                              document_date    01/01/0000            → year 0 is out of range: 01/01/0000
releases/2023/104-10217-10184.md                              document_date    01/01/0000            → year 0 is out of range: 01/01/0000
releases/2023/104-10164-10002.md                              document_date    01/01/0000            → year 0 is out of range: 01/01/0000
releases/2023/104-10217-10221.md                              document_date    01/01/0000            → year 0 is out of range: 01/01/0000
releases/2023/104-10183-10089.md                              document_date    01/01/0000            → year 0 is out of range: 01/01/0000
releases/2023/104-10422-10054.md                              document_date    01/01/0000            → year 0 is out of range: 01/01/0000
releases/2023/104-10176-10005.md                              document_date    01/01/0000            → year 0 is out of range: 01/01/0000
releases/2023/104-10173-10132.md                              document_date    01/01/0000            → year 0 is out of range: 01/01/0000
releases/2023/104-10308-10080.md                              document_date    01/01/0000            → year 0 is out of range: 01/01/0000
releases/2023/104-10173-10163.md                              document_date    01/01/0000            → year 0 is out of range: 01/01/0000
releases/2023/104-10172-10106.md                              document_date    01/01/0000            → year 0 is out of range: 01/01/0000
releases/2023/104-10219-10015.md                              document_date    01/01/0000            → year 0 is out of range: 01/01/0000
releases/2023/104-10176-10070.md                              document_date    01/01/0000            → year 0 is out of range: 01/01/0000
releases/2023/104-10433-10209.md                              document_date    01/01/0000            → year 0 is out of range: 01/01/0000
releases/2023/104-10224-10008.md                              document_date    01/01/0000            → year 0 is out of range: 01/01/0000
releases/2023/104-10222-10033.md                              document_date    01/01/0000            → year 0 is out of range: 01/01/0000
releases/2023/104-10165-10084.md                              document_date    01/01/0000            → year 0 is out of range: 01/01/0000
releases/2023/104-10181-10002.md                              document_date    01/01/0000            → year 0 is out of range: 01/01/0000
releases/2023/104-10185-10267.md                              document_date    01/01/0000            → year 0 is out of range: 01/01/0000
releases/2023/104-10174-10069.md                              document_date    01/01/0000            → year 0 is out of range: 01/01/0000
releases/2023/104-10217-10225.md                              document_date    01/01/0000            → year 0 is out of range: 01/01/0000
releases/2023/104-10431-10006.md                              document_date    01/01/0000            → year 0 is out of range: 01/01/0000
releases/2023/104-10181-10107.md                              document_date    01/01/0000            → year 0 is out of range: 01/01/0000
releases/2023/104-10178-10334.md                              document_date    01/01/0000            → year 0 is out of range: 01/01/0000
releases/2023/104-10222-10042.md                              document_date    01/01/0000            → year 0 is out of range: 01/01/0000
releases/2023/104-10247-10061.md                              document_date    01/01/0000            → year 0 is out of range: 01/01/0000
releases/2023/104-10218-10035.md                              document_date    01/01/0000            → year 0 is out of range: 01/01/0000
releases/2023/104-10247-10092.md                              document_date    01/01/0000            → year 0 is out of range: 01/01/0000
releases/2023/104-10177-10217.md                              document_date    01/01/0000            → year 0 is out of range: 01/01/0000
releases/2023/104-10172-10112.md                              document_date    01/01/0000            → year 0 is out of range: 01/01/0000
releases/2023/104-10177-10134.md                              document_date    01/01/0000            → year 0 is out of range: 01/01/0000
releases/2023/104-10187-10009.md                              document_date    01/01/0000            → year 0 is out of range: 01/01/0000
releases/2023/104-10192-10110.md                              document_date    01/01/0000            → year 0 is out of range: 01/01/0000
releases/2023/157-10004-10132.md                              document_date    00/00/1976            → month must be in 1..12: 00/00/1976
releases/2023/104-10131-10072.md                              document_date    01/01/0000            → year 0 is out of range: 01/01/0000
releases/2023/104-10217-10190.md                              document_date    08/11/0000            → year 0 is out of range: 08/11/0000
releases/2023/104-10306-10020.md                              document_date    01/01/0000            → year 0 is out of range: 01/01/0000
releases/2023/104-10435-10071.md                              document_date    01/01/0000            → year 0 is out of range: 01/01/0000
releases/2023/104-10180-10210.md                              document_date    01/01/0000            → year 0 is out of range: 01/01/0000
releases/2023/104-10215-10246.md                              document_date    01/01/0000            → year 0 is out of range: 01/01/0000
releases/2023/104-10163-10176.md                              document_date    01/01/0000            → year 0 is out of range: 01/01/0000
releases/2023/157-10011-10004.md                              document_date    06/00/1975            → day is out of range for month: 06/00/1975
releases/2023/104-10210-10037.md                              document_date    01/01/0000            → year 0 is out of range: 01/01/0000
releases/2023/104-10335-10014.md                              document_date    01/01/0000            → year 0 is out of range: 01/01/0000
releases/2023/104-10186-10370.md                              document_date    01/01/0000            → year 0 is out of range: 01/01/0000
releases/2023/104-10187-10012.md                              document_date    01/01/0000            → year 0 is out of range: 01/01/0000
releases/2023/180-10110-10485.md                              document_date    00/00/1978            → month must be in 1..12: 00/00/1978
releases/2023/104-10291-10004.md                              document_date    01/01/0000            → year 0 is out of range: 01/01/0000
releases/2023/104-10194-10015.md                              document_date    01/01/0000            → year 0 is out of range: 01/01/0000
releases/2023/104-10188-10020.md                              document_date    01/01/0000            → year 0 is out of range: 01/01/0000
releases/2023/104-10236-10075.md                              document_date    01/01/0000            → year 0 is out of range: 01/01/0000
releases/2023/104-10133-10207.md                              document_date    01/01/0000            → year 0 is out of range: 01/01/0000
releases/2023/104-10291-10014.md                              document_date    01/01/0000            → year 0 is out of range: 01/01/0000
releases/2023/157-10002-10027.md                              document_date    00/00/1975            → month must be in 1..12: 00/00/1975
releases/2023/104-10174-10072.md                              document_date    01/01/0000            → year 0 is out of range: 01/01/0000
releases/2023/198-10007-10008.md                              document_date    02/00/1963            → day is out of range for month: 02/00/1963
releases/2023/104-10180-10039.md                              document_date    01/01/0000            → year 0 is out of range: 01/01/0000
releases/2023/104-10225-10007.md                              document_date    01/01/0000            → year 0 is out of range: 01/01/0000
releases/2023/104-10224-10007.md                              document_date    01/01/0000            → year 0 is out of range: 01/01/0000
releases/2023/104-10187-10002.md                              document_date    01/01/0000            → year 0 is out of range: 01/01/0000
releases/2023/104-10172-10109.md                              document_date    01/01/0000            → year 0 is out of range: 01/01/0000
releases/2023/157-10011-10014.md                              document_date    06/00/1975            → day is out of range for month: 06/00/1975
releases/2023/104-10209-10164.md                              document_date    01/01/0000            → year 0 is out of range: 01/01/0000
releases/2023/104-10182-10000.md                              document_date    01/01/0000            → year 0 is out of range: 01/01/0000
releases/2023/104-10209-10024.md                              document_date    01/01/0000            → year 0 is out of range: 01/01/0000
releases/2023/104-10177-10238.md                              document_date    01/01/0000            → year 0 is out of range: 01/01/0000
releases/2023/104-10111-10045.md                              document_date    01/01/0000            → year 0 is out of range: 01/01/0000
releases/2023/104-10224-10013.md                              document_date    01/01/0000            → year 0 is out of range: 01/01/0000
releases/2023/104-10433-10212.md                              document_date    01/01/0000            → year 0 is out of range: 01/01/0000
releases/2023/104-10182-10071.md                              document_date    01/01/0000            → year 0 is out of range: 01/01/0000
releases/2023/104-10187-10156.md                              document_date    01/01/0000            → year 0 is out of range: 01/01/0000
releases/2023/104-10436-10032.md                              document_date    01/01/0000            → year 0 is out of range: 01/01/0000
releases/2023/104-10162-10241.md                              document_date    01/01/0000            → year 0 is out of range: 01/01/0000
releases/2023/104-10225-10027.md                              document_date    01/01/0000            → year 0 is out of range: 01/01/0000
releases/2023/104-10169-10282.md                              document_date    01/01/0000            → year 0 is out of range: 01/01/0000
releases/2023/104-10181-10108.md                              document_date    01/01/0000            → year 0 is out of range: 01/01/0000
releases/2023/104-10188-10010.md                              document_date    01/01/0000            → year 0 is out of range: 01/01/0000
releases/2023/104-10291-10000.md                              document_date    01/01/0000            → year 0 is out of range: 01/01/0000
releases/2023/104-10291-10010.md                              document_date    01/01/0000            → year 0 is out of range: 01/01/0000
releases/2023/104-10175-10085.md                              document_date    01/01/0000            → year 0 is out of range: 01/01/0000
releases/2023/104-10188-10000.md                              document_date    01/01/0000            → year 0 is out of range: 01/01/0000
releases/2023/104-10222-10038.md                              document_date    01/01/0000            → year 0 is out of range: 01/01/0000
releases/2023/104-10178-10158.md                              document_date    01/01/0000            → year 0 is out of range: 01/01/0000
releases/2023/104-10182-10004.md                              document_date    01/01/0000            → year 0 is out of range: 01/01/0000
releases/2023/104-10183-10366.md                              document_date    01/01/0000            → year 0 is out of range: 01/01/0000
releases/2023/104-10225-10003.md                              document_date    01/01/0000            → year 0 is out of range: 01/01/0000
releases/2023/104-10183-10092.md                              document_date    01/01/0000            → year 0 is out of range: 01/01/0000
releases/2023/104-10111-10104.md                              document_date    01/01/0000            → year 0 is out of range: 01/01/0000
releases/2023/104-10224-10012.md                              document_date    01/01/0000            → year 0 is out of range: 01/01/0000
releases/2023/104-10177-10219.md                              document_date    01/01/0000            → year 0 is out of range: 01/01/0000
releases/2023/104-10225-10012.md                              document_date    01/01/0000            → year 0 is out of range: 01/01/0000
releases/2023/104-10166-10120.md                              document_date    01/01/0000            → year 0 is out of range: 01/01/0000
releases/2023/104-10187-10157.md                              document_date    01/01/0000            → year 0 is out of range: 01/01/0000
releases/2023/104-10196-10029.md                              document_date    01/01/0000            → year 0 is out of range: 01/01/0000
releases/2023/104-10215-10212.md                              document_date    01/01/0000            → year 0 is out of range: 01/01/0000
releases/2023/157-10011-10001.md                              document_date    06/00/1975            → day is out of range for month: 06/00/1975
releases/2023/104-10163-10173.md                              document_date    01/01/0000            → year 0 is out of range: 01/01/0000
releases/2023/104-10301-10005.md                              document_date    01/01/0000            → year 0 is out of range: 01/01/0000
releases/2023/104-10169-10283.md                              document_date    01/01/0000            → year 0 is out of range: 01/01/0000
releases/2023/104-10194-10024.md                              document_date    01/01/0000            → year 0 is out of range: 01/01/0000
releases/2023/104-10170-10125.md                              document_date    01/01/0000            → year 0 is out of range: 01/01/0000
releases/2023/104-10291-10001.md                              document_date    01/01/0000            → year 0 is out of range: 01/01/0000
releases/2023/104-10175-10176.md                              document_date    01/01/0000            → year 0 is out of range: 01/01/0000
releases/2023/104-10171-10150.md                              document_date    01/01/0000            → year 0 is out of range: 01/01/0000
releases/2023/104-10510-10128.md                              document_date    01/01/0000            → year 0 is out of range: 01/01/0000
releases/2023/104-10188-10001.md                              document_date    01/01/0000            → year 0 is out of range: 01/01/0000
releases/2023/180-10145-10209.md                              document_date    02/00/1978            → day is out of range for month: 02/00/1978
releases/2023/104-10245-10023.md                              document_date    01/01/0000            → year 0 is out of range: 01/01/0000
releases/2023/157-10011-10011.md                              document_date    06/00/1975            → day is out of range for month: 06/00/1975
releases/2023/104-10173-10169.md                              document_date    01/01/0000            → year 0 is out of range: 01/01/0000
releases/2023/104-10224-10002.md                              document_date    01/01/0000            → year 0 is out of range: 01/01/0000
releases/2023/104-10214-10034.md                              document_date    01/01/0000            → year 0 is out of range: 01/01/0000
releases/2023/104-10211-10002.md                              document_date    01/01/0000            → year 0 is out of range: 01/01/0000
releases/2023/104-10215-10125.md                              document_date    01/01/0000            → year 0 is out of range: 01/01/0000
releases/2023/104-10266-10026.md                              document_date    01/01/0000            → year 0 is out of range: 01/01/0000
releases/2023/104-10215-10096.md                              document_date    01/01/0000            → year 0 is out of range: 01/01/0000
releases/2023/157-10011-10005.md                              document_date    06/00/1975            → day is out of range for month: 06/00/1975
releases/2023/104-10108-10026.md                              document_date    01/01/0000            → year 0 is out of range: 01/01/0000
releases/2023/104-10220-10131.md                              document_date    01/01/0000            → year 0 is out of range: 01/01/0000
releases/2023/104-10516-10265.md                              document_date    01/01/0000            → year 0 is out of range: 01/01/0000
releases/2023/104-10194-10014.md                              document_date    01/01/0000            → year 0 is out of range: 01/01/0000
releases/2023/104-10222-10019.md                              document_date    01/01/0000            → year 0 is out of range: 01/01/0000
releases/2023/104-10170-10121.md                              document_date    01/01/0000            → year 0 is out of range: 01/01/0000
releases/2023/104-10291-10021.md                              document_date    01/01/0000            → year 0 is out of range: 01/01/0000
releases/2023/104-10178-10078.md                              document_date    01/01/0000            → year 0 is out of range: 01/01/0000
releases/2023/104-10195-10004.md                              document_date    01/01/0000            → year 0 is out of range: 01/01/0000
releases/2023/104-10225-10006.md                              document_date    01/01/0000            → year 0 is out of range: 01/01/0000
releases/2023/104-10224-10006.md                              document_date    01/01/0000            → year 0 is out of range: 01/01/0000
releases/2023/104-10187-10003.md                              document_date    01/01/0000            → year 0 is out of range: 01/01/0000
releases/2023/157-10008-10234.md                              document_date    00/00/1976            → month must be in 1..12: 00/00/1976
releases/2023/104-10172-10108.md                              document_date    01/01/0000            → year 0 is out of range: 01/01/0000
releases/2023/104-10263-10111.md                              document_date    01/01/0000            → year 0 is out of range: 01/01/0000
releases/2023/157-10011-10015.md                              document_date    06/00/1975            → day is out of range for month: 06/00/1975
releases/2023/104-10182-10001.md                              document_date    01/01/0000            → year 0 is out of range: 01/01/0000
releases/2023/198-10009-10099.md                              document_date    02/00/1963            → day is out of range for month: 02/00/1963
releases/2023/104-10187-10014.md                              document_date    01/01/0000            → year 0 is out of range: 01/01/0000
releases/2023/104-10163-10144.md                              document_date    01/01/0000            → year 0 is out of range: 01/01/0000
releases/2023/104-10121-10140.md                              document_date    01/01/0000            → year 0 is out of range: 01/01/0000
releases/2023/104-10182-10073.md                              document_date    01/01/0000            → year 0 is out of range: 01/01/0000
releases/2023/104-10193-10079.md                              document_date    01/01/0000            → year 0 is out of range: 01/01/0000
releases/2023/104-10176-10069.md                              document_date    01/01/0000            → year 0 is out of range: 01/01/0000
releases/2023/157-10011-10002.md                              document_date    06/00/1975            → day is out of range for month: 06/00/1975
releases/2023/180-10147-10332.md                              document_date    00/00/1978            → month must be in 1..12: 00/00/1978
releases/2023/104-10188-10026.md                              document_date    01/01/0000            → year 0 is out of range: 01/01/0000
releases/2023/104-10170-10112.md                              document_date    01/01/0000            → year 0 is out of range: 01/01/0000
releases/2023/104-10174-10064.md                              document_date    01/01/0000            → year 0 is out of range: 01/01/0000
releases/2023/104-10291-10002.md                              document_date    01/01/0000            → year 0 is out of range: 01/01/0000
releases/2023/104-10188-10012.md                              document_date    01/01/0000            → year 0 is out of range: 01/01/0000
releases/2023/104-10188-10002.md                              document_date    01/01/0000            → year 0 is out of range: 01/01/0000
releases/2023/104-10291-10012.md                              document_date    01/01/0000            → year 0 is out of range: 01/01/0000
releases/2023/104-10195-10003.md                              document_date    01/01/0000            → year 0 is out of range: 01/01/0000
releases/2023/104-10175-10025.md                              document_date    01/01/0000            → year 0 is out of range: 01/01/0000
releases/2023/104-10186-10428.md                              document_date    01/01/0000            → year 0 is out of range: 01/01/0000
releases/2023/104-10171-10136.md                              document_date    01/01/0000            → year 0 is out of range: 01/01/0000
releases/2023/157-10011-10012.md                              document_date    06/00/1975            → day is out of range for month: 06/00/1975
releases/2023/104-10187-10030.md                              document_date    01/01/0000            → year 0 is out of range: 01/01/0000
releases/2023/104-10182-10057.md                              document_date    01/01/0000            → year 0 is out of range: 01/01/0000
releases/2023/180-10143-10345.md                              document_date    00/00/1976            → month must be in 1..12: 00/00/1976
releases/2023/104-10193-10069.md                              document_date    01/01/0000            → year 0 is out of range: 01/01/0000
releases/2023/104-10224-10001.md                              document_date    01/01/0000            → year 0 is out of range: 01/01/0000
releases/2023/104-10162-10247.md                              document_date    01/01/0000            → year 0 is out of range: 01/01/0000
releases/2023/104-10211-10001.md                              document_date    01/01/0000            → year 0 is out of range: 01/01/0000
releases/2023/104-10220-10264.md                              document_date    09/01/0000            → year 0 is out of range: 09/01/0000
releases/2023/104-10186-10346.md                              document_date    12/03/0000            → year 0 is out of range: 12/03/0000
releases/2023/178-10004-10420.md                              document_date    06/00/1975            → day is out of range for month: 06/00/1975
releases/2023/104-10224-10015.md                              document_date    01/01/0000            → year 0 is out of range: 01/01/0000
releases/2023/104-10163-10140.md                              document_date    01/01/0000            → year 0 is out of range: 01/01/0000
releases/2023/104-10305-10000.md                              document_date    01/01/0000            → year 0 is out of range: 01/01/0000
releases/2023/104-10220-10132.md                              document_date    01/01/0000            → year 0 is out of range: 01/01/0000
releases/2023/157-10014-10144.md                              document_date    00/00/1976            → month must be in 1..12: 00/00/1976
releases/2023/104-10218-10008.md                              document_date    01/01/0000            → year 0 is out of range: 01/01/0000
releases/2023/104-10229-10432.md                              document_date    01/01/0000            → year 0 is out of range: 01/01/0000
releases/2023/104-10164-10099.md                              document_date    01/01/0000            → year 0 is out of range: 01/01/0000
releases/2023/104-10194-10017.md                              document_date    01/01/0000            → year 0 is out of range: 01/01/0000
releases/2023/104-10188-10016.md                              document_date    01/01/0000            → year 0 is out of range: 01/01/0000
releases/2023/104-10245-10000.md                              document_date    01/01/0000            → year 0 is out of range: 01/01/0000
releases/2023/104-10194-10023.md                              document_date    01/01/0000            → year 0 is out of range: 01/01/0000
releases/2023/157-10002-10001.md                              document_date    06/00/1975            → day is out of range for month: 06/00/1975
releases/2023/104-10169-10284.md                              document_date    01/01/0000            → year 0 is out of range: 01/01/0000
releases/2023/104-10168-10014.md                              document_date    01/01/0000            → year 0 is out of range: 01/01/0000
releases/2023/104-10291-10022.md                              document_date    01/01/0000            → year 0 is out of range: 01/01/0000
releases/2023/104-10186-10418.md                              document_date    01/01/0000            → year 0 is out of range: 01/01/0000
releases/2023/104-10181-10099.md                              document_date    01/01/0000            → year 0 is out of range: 01/01/0000
releases/2023/104-10290-10156.md                              document_date    01/01/0000            → year 0 is out of range: 01/01/0000
releases/2023/104-10291-10016.md                              document_date    01/01/0000            → year 0 is out of range: 01/01/0000
releases/2023/104-10174-10070.md                              document_date    01/01/0000            → year 0 is out of range: 01/01/0000
releases/2023/104-10163-10041.md                              document_date    01/01/0000            → year 0 is out of range: 01/01/0000
releases/2023/104-10221-10007.md                              document_date    01/01/0000            → year 0 is out of range: 01/01/0000
releases/2023/104-10111-10094.md                              document_date    01/01/0000            → year 0 is out of range: 01/01/0000
releases/2023/104-10182-10002.md                              document_date    01/01/0000            → year 0 is out of range: 01/01/0000
releases/2023/157-10011-10007.md                              document_date    06/00/1975            → day is out of range for month: 06/00/1975
releases/2023/104-10221-10022.md                              document_date    01/01/0000            → year 0 is out of range: 01/01/0000
releases/2023/104-10210-10034.md                              document_date    01/01/0000            → year 0 is out of range: 01/01/0000
releases/2023/104-10218-10009.md                              document_date    01/01/0000            → year 0 is out of range: 01/01/0000
releases/2023/104-10194-10016.md                              document_date    01/01/0000            → year 0 is out of range: 01/01/0000
releases/2023/104-10079-10301.md                              document_date    01/01/0000            → year 0 is out of range: 01/01/0000
releases/2023/104-10194-10022.md                              document_date    01/01/0000            → year 0 is out of range: 01/01/0000
releases/2023/104-10169-10285.md                              document_date    01/01/0000            → year 0 is out of range: 01/01/0000
releases/2023/104-10291-10017.md                              document_date    01/01/0000            → year 0 is out of range: 01/01/0000
releases/2023/104-10174-10071.md                              document_date    01/01/0000            → year 0 is out of range: 01/01/0000
releases/2023/104-10433-10167.md                              document_date    01/01/0000            → year 0 is out of range: 01/01/0000
releases/2023/104-10183-10355.md                              document_date    01/01/0000            → year 0 is out of range: 01/01/0000
releases/2023/104-10187-10001.md                              document_date    01/01/0000            → year 0 is out of range: 01/01/0000
releases/2023/104-10224-10004.md                              document_date    01/01/0000            → year 0 is out of range: 01/01/0000
releases/2023/104-10163-10087.md                              document_date    01/01/0000            → year 0 is out of range: 01/01/0000
releases/2023/104-10105-10278.md                              document_date    01/01/0000            → year 0 is out of range: 01/01/0000
releases/2023/104-10182-10052.md                              document_date    01/01/0000            → year 0 is out of range: 01/01/0000
releases/2023/104-10422-10019.md                              document_date    01/01/0000            → year 0 is out of range: 01/01/0000
releases/2023/104-10225-10030.md                              document_date    01/01/0000            → year 0 is out of range: 01/01/0000
releases/2023/104-10119-10228.md                              document_date    01/01/0000            → year 0 is out of range: 01/01/0000
releases/2023/104-10182-10003.md                              document_date    01/01/0000            → year 0 is out of range: 01/01/0000
releases/2023/104-10187-10155.md                              document_date    01/01/0000            → year 0 is out of range: 01/01/0000
releases/2023/104-10221-10026.md                              document_date    01/01/0000            → year 0 is out of range: 01/01/0000
releases/2023/104-10305-10005.md                              document_date    01/01/0000            → year 0 is out of range: 01/01/0000
releases/2023/178-10003-10397.md                              document_date    00/00/1975            → month must be in 1..12: 00/00/1975
releases/2023/104-10182-10072.md                              document_date    01/01/0000            → year 0 is out of range: 01/01/0000
releases/2023/104-10176-10068.md                              document_date    01/01/0000            → year 0 is out of range: 01/01/0000
releases/2023/104-10187-10070.md                              document_date    01/01/0000            → year 0 is out of range: 01/01/0000
releases/2023/157-10011-10003.md                              document_date    06/00/1975            → day is out of range for month: 06/00/1975
releases/2023/104-10162-10242.md                              document_date    01/01/0000            → year 0 is out of range: 01/01/0000
releases/2023/104-10194-10026.md                              document_date    01/01/0000            → year 0 is out of range: 01/01/0000
releases/2023/157-10002-10004.md                              document_date    06/00/1975            → day is out of range for month: 06/00/1975
releases/2023/176-10036-10023.md                              document_date    8/00/1963             → day is out of range for month: 8/00/1963
releases/2023/104-10175-10034.md                              document_date    01/01/0000            → year 0 is out of range: 01/01/0000
releases/2023/104-10174-10065.md                              document_date    01/01/0000            → year 0 is out of range: 01/01/0000
releases/2023/104-10170-10113.md                              document_date    01/01/0000            → year 0 is out of range: 01/01/0000
releases/2023/104-10194-10012.md                              document_date    01/01/0000            → year 0 is out of range: 01/01/0000
releases/2023/104-10291-10003.md                              document_date    01/01/0000            → year 0 is out of range: 01/01/0000
releases/2023/104-10188-10052.md                              document_date    01/01/0000            → year 0 is out of range: 01/01/0000
releases/2023/104-10188-10003.md                              document_date    01/01/0000            → year 0 is out of range: 01/01/0000
releases/2023/104-10291-10013.md                              document_date    01/01/0000            → year 0 is out of range: 01/01/0000
releases/2023/104-10194-10002.md                              document_date    01/01/0000            → year 0 is out of range: 01/01/0000
releases/2023/104-10195-10002.md                              document_date    01/01/0000            → year 0 is out of range: 01/01/0000
releases/2023/178-10003-10311.md                              document_date    03/00/1975            → day is out of range for month: 03/00/1975
releases/2023/104-10163-10130.md                              document_date    01/01/0000            → year 0 is out of range: 01/01/0000
releases/2023/104-10182-10007.md                              document_date    01/01/0000            → year 0 is out of range: 01/01/0000
releases/2023/104-10225-10000.md                              document_date    01/01/0000            → year 0 is out of range: 01/01/0000
releases/2023/104-10224-10000.md                              document_date    01/01/0000            → year 0 is out of range: 01/01/0000
releases/2023/104-10220-10067.md                              document_date    01/01/0000            → year 0 is out of range: 01/01/0000
releases/2023/104-10181-10011.md                              document_date    01/01/0000            → year 0 is out of range: 01/01/0000
releases/2023/104-10164-10050.md                              document_date    01/01/0000            → year 0 is out of range: 01/01/0000
releases/2023/104-10222-10045.md                              document_date    01/01/0000            → year 0 is out of range: 01/01/0000
releases/2023/104-10095-10075.md                              document_date    01/01/0000            → year 0 is out of range: 01/01/0000
releases/2023/104-10178-10000.md                              document_date    01/01/0000            → year 0 is out of range: 01/01/0000
releases/2023/104-10178-10096.md                              document_date    01/01/0000            → year 0 is out of range: 01/01/0000
releases/2023/104-10171-10149.md                              document_date    01/01/0000            → year 0 is out of range: 01/01/0000
releases/2023/104-10164-10097.md                              document_date    01/01/0000            → year 0 is out of range: 01/01/0000
releases/2023/104-10194-10019.md                              document_date    01/01/0000            → year 0 is out of range: 01/01/0000
releases/2023/104-10131-10111.md                              document_date    01/01/0000            → year 0 is out of range: 01/01/0000
releases/2023/157-10014-10228.md                              document_date    06/00/1975            → day is out of range for month: 06/00/1975
releases/2023/104-10176-10006.md                              document_date    01/01/0000            → year 0 is out of range: 01/01/0000
releases/2023/104-10173-10170.md                              document_date    01/01/0000            → year 0 is out of range: 01/01/0000
releases/2023/104-10177-10224.md                              document_date    01/01/0000            → year 0 is out of range: 01/01/0000
releases/2023/157-10011-10008.md                              document_date    06/00/1975            → day is out of range for month: 06/00/1975
releases/2023/104-10215-10029.md                              document_date    01/01/0000            → year 0 is out of range: 01/01/0000
releases/2023/104-10182-10069.md                              document_date    01/01/0000            → year 0 is out of range: 01/01/0000
releases/2023/104-10229-10000.md                              document_date    01/01/0000            → year 0 is out of range: 01/01/0000
releases/2023/104-10172-10105.md                              document_date    01/01/0000            → year 0 is out of range: 01/01/0000
releases/2023/104-10176-10073.md                              document_date    01/01/0000            → year 0 is out of range: 01/01/0000
releases/2023/157-10004-10290.md                              document_date    00/00/1975            → month must be in 1..12: 00/00/1975
releases/2023/104-10218-10047.md                              document_date    01/01/0000            → year 0 is out of range: 01/01/0000
releases/2023/104-10165-10087.md                              document_date    01/01/0000            → year 0 is out of range: 01/01/0000
releases/2023/104-10194-10009.md                              document_date    01/01/0000            → year 0 is out of range: 01/01/0000
releases/2023/104-10226-10117.md                              document_date    01/01/0000            → year 0 is out of range: 01/01/0000
releases/2023/104-10180-10050.md                              document_date    01/01/0000            → year 0 is out of range: 01/01/0000
releases/2023/104-10120-10671.md                              document_date    07/26/0000            → year 0 is out of range: 07/26/0000
releases/2023/104-10164-10060.md                              document_date    01/01/0000            → year 0 is out of range: 01/01/0000
releases/2023/104-10185-10264.md                              document_date    01/01/0000            → year 0 is out of range: 01/01/0000
releases/2023/104-10189-10028.md                              document_date    01/01/0000            → year 0 is out of range: 01/01/0000
releases/2023/104-10222-10041.md                              document_date    01/01/0000            → year 0 is out of range: 01/01/0000
releases/2023/104-10164-10054.md                              document_date    01/01/0000            → year 0 is out of range: 01/01/0000
releases/2023/104-10180-10044.md                              document_date    01/01/0000            → year 0 is out of range: 01/01/0000
releases/2023/104-10176-10002.md                              document_date    01/01/0000            → year 0 is out of range: 01/01/0000
releases/2023/104-10128-10274.md                              document_date    01/01/0000            → year 0 is out of range: 01/01/0000
releases/2023/104-10177-10220.md                              document_date    01/01/0000            → year 0 is out of range: 01/01/0000
releases/2023/104-10176-10067.md                              document_date    01/01/0000            → year 0 is out of range: 01/01/0000
releases/2023/104-10172-10111.md                              document_date    01/01/0000            → year 0 is out of range: 01/01/0000
releases/2023/157-10011-10069.md                              document_date    05/00/1975            → day is out of range for month: 05/00/1975
releases/2023/104-10220-10128.md                              document_date    01/01/0000            → year 0 is out of range: 01/01/0000
releases/2023/104-10221-10039.md                              document_date    01/01/0000            → year 0 is out of range: 01/01/0000
releases/2023/104-10166-10158.md                              document_date    01/01/0000            → year 0 is out of range: 01/01/0000
releases/2023/104-10173-10135.md                              document_date    01/01/0000            → year 0 is out of range: 01/01/0000
releases/2023/104-10171-10138.md                              document_date    01/01/0000            → year 0 is out of range: 01/01/0000
releases/2023/104-10178-10154.md                              document_date    01/01/0000            → year 0 is out of range: 01/01/0000
releases/2023/104-10222-10000.md                              document_date    01/01/0000            → year 0 is out of range: 01/01/0000
releases/2023/104-10006-10284.md                              document_date    01/01/0000            → year 0 is out of range: 01/01/0000
releases/2023/104-10181-10005.md                              document_date    01/01/0000            → year 0 is out of range: 01/01/0000
releases/2023/104-10213-10022.md                              document_date    01/01/0000            → year 0 is out of range: 01/01/0000
releases/2023/104-10180-10171.md                              document_date    01/01/0000            → year 0 is out of range: 01/01/0000
releases/2023/104-10180-10060.md                              document_date    01/01/0000            → year 0 is out of range: 01/01/0000
releases/2023/104-10185-10265.md                              document_date    01/01/0000            → year 0 is out of range: 01/01/0000
releases/2023/104-10181-10154.md                              document_date    01/01/0000            → year 0 is out of range: 01/01/0000
releases/2023/104-10222-10040.md                              document_date    01/01/0000            → year 0 is out of range: 01/01/0000
releases/2023/104-10177-10221.md                              document_date    01/01/0000            → year 0 is out of range: 01/01/0000
releases/2023/104-10172-10110.md                              document_date    01/01/0000            → year 0 is out of range: 01/01/0000
releases/2023/104-10234-10105.md                              document_date    01/01/0000            → year 0 is out of range: 01/01/0000
releases/2023/104-10193-10076.md                              document_date    01/01/0000            → year 0 is out of range: 01/01/0000
releases/2023/104-10220-10028.md                              document_date    01/01/0000            → year 0 is out of range: 01/01/0000
releases/2023/104-10220-10069.md                              document_date    01/01/0000            → year 0 is out of range: 01/01/0000
releases/2023/104-10219-10153.md                              document_date    01/01/0000            → year 0 is out of range: 01/01/0000
releases/2023/104-10218-10013.md                              document_date    01/01/0000            → year 0 is out of range: 01/01/0000
releases/2023/104-10177-10231.md                              document_date    01/01/0000            → year 0 is out of range: 01/01/0000
releases/2023/104-10173-10134.md                              document_date    01/01/0000            → year 0 is out of range: 01/01/0000
releases/2023/104-10218-10076.md                              document_date    01/01/0000            → year 0 is out of range: 01/01/0000
releases/2023/104-10431-10105.md                              document_date    01/01/0000            → year 0 is out of range: 01/01/0000
releases/2023/104-10170-10139.md                              document_date    01/01/0000            → year 0 is out of range: 01/01/0000
releases/2023/104-10222-10001.md                              document_date    01/01/0000            → year 0 is out of range: 01/01/0000
releases/2023/104-10164-10000.md                              document_date    01/01/0000            → year 0 is out of range: 01/01/0000
releases/2023/104-10302-10000.md                              document_date    01/01/0000            → year 0 is out of range: 01/01/0000
releases/2023/104-10307-10067.md                              document_date    01/01/0000            → year 0 is out of range: 01/01/0000
releases/2023/104-10180-10010.md                              document_date    01/01/0000            → year 0 is out of range: 01/01/0000
releases/2023/104-10178-10001.md                              document_date    01/01/0000            → year 0 is out of range: 01/01/0000
releases/2023/104-10217-10223.md                              document_date    01/01/0000            → year 0 is out of range: 01/01/0000
releases/2023/104-10400-10311.md                              document_date    01/01/0000            → year 0 is out of range: 01/01/0000
releases/2023/104-10194-10018.md                              document_date    01/01/0000            → year 0 is out of range: 01/01/0000
releases/2023/104-10291-10009.md                              document_date    01/01/0000            → year 0 is out of range: 01/01/0000
releases/2023/104-10218-10007.md                              document_date    01/01/0000            → year 0 is out of range: 01/01/0000
releases/2023/104-10413-10025.md                              document_date    01/01/0000            → year 0 is out of range: 01/01/0000
releases/2023/104-10172-10114.md                              document_date    01/01/0000            → year 0 is out of range: 01/01/0000
releases/2023/104-10166-10128.md                              document_date    01/01/0000            → year 0 is out of range: 01/01/0000
releases/2023/104-10418-10439.md                              document_date    01/01/0000            → year 0 is out of range: 01/01/0000
releases/2023/104-10162-10248.md                              document_date    01/01/0000            → year 0 is out of range: 01/01/0000
releases/2023/104-10215-10129.md                              document_date    01/01/0000            → year 0 is out of range: 01/01/0000
releases/2023/104-10177-10147.md                              document_date    01/01/0000            → year 0 is out of range: 01/01/0000
releases/2023/104-10219-10122.md                              document_date    01/19/0000            → year 0 is out of range: 01/19/0000
releases/2023/104-10173-10171.md                              document_date    01/01/0000            → year 0 is out of range: 01/01/0000
releases/2023/104-10177-10225.md                              document_date    01/01/0000            → year 0 is out of range: 01/01/0000
releases/2023/157-10011-10009.md                              document_date    06/00/1975            → day is out of range for month: 06/00/1975
releases/2023/104-10104-10145.md                              document_date    01/01/0000            → year 0 is out of range: 01/01/0000
releases/2023/104-10173-10130.md                              document_date    01/01/0000            → year 0 is out of range: 01/01/0000
releases/2023/104-10163-10089.md                              document_date    01/01/0000            → year 0 is out of range: 01/01/0000
releases/2023/104-10133-10461.md                              document_date    01/01/0000            → year 0 is out of range: 01/01/0000
releases/2023/104-10247-10103.md                              document_date    01/01/0000            → year 0 is out of range: 01/01/0000
releases/2023/104-10173-10104.md                              document_date    01/01/0000            → year 0 is out of range: 01/01/0000
releases/2023/104-10218-10046.md                              document_date    01/01/0000            → year 0 is out of range: 01/01/0000
releases/2023/104-10291-10019.md                              document_date    01/01/0000            → year 0 is out of range: 01/01/0000
releases/2023/104-10170-10109.md                              document_date    01/01/0000            → year 0 is out of range: 01/01/0000
releases/2023/104-10165-10075.md                              document_date    01/01/0000            → year 0 is out of range: 01/01/0000
releases/2023/104-10179-10151.md                              document_date    08/10/0000            → year 0 is out of range: 08/10/0000
releases/2023/104-10222-10005.md                              document_date    01/01/0000            → year 0 is out of range: 01/01/0000
releases/2023/08/104-10433-10209.md                           document_date    01/01/0000            → year 0 is out of range: 01/01/0000
releases/2023/08/104-10120-10293.md                           document_date    01/01/0000            → year 0 is out of range: 01/01/0000
releases/2023/08/104-10172-10108.md                           document_date    01/01/0000            → year 0 is out of range: 01/01/0000
releases/2023/08/104-10218-10013.md                           document_date    01/01/0000            → year 0 is out of range: 01/01/0000
releases/2023/08/104-10302-10000.md                           document_date    01/01/0000            → year 0 is out of range: 01/01/0000
releases/2021/docid-32423491.md                               document_date    00/00/1975            → month must be in 1..12: 00/00/1975
releases/2021/docid-32202404.md                               document_date    00/00/1975            → month must be in 1..12: 00/00/1975
releases/2021/docid-32204893.md                               document_date    05/00/1975            → day is out of range for month: 05/00/1975
releases/2021/docid-32423829.md                               document_date    00/00/1963            → month must be in 1..12: 00/00/1963
releases/2021/docid-32203805.md                               document_date    00/00/1963            → month must be in 1..12: 00/00/1963
releases/2021/docid-32202027.md                               document_date    00/00/1976            → month must be in 1..12: 00/00/1976
releases/2021/docid-32112908.md                               document_date    00/00/1975            → month must be in 1..12: 00/00/1975
releases/2021/docid-32202036.md                               document_date    00/00/1976            → month must be in 1..12: 00/00/1976
releases/2021/docid-32112909.md                               document_date    00/00/1975            → month must be in 1..12: 00/00/1975
releases/2021/docid-32273530.md                               document_date    12/00/1978            → day is out of range for month: 12/00/1978
releases/2021/docid-32260991.md                               document_date    05/00/1978            → day is out of range for month: 05/00/1978
releases/2021/docid-32112910.md                               document_date    00/00/1975            → month must be in 1..12: 00/00/1975
releases/2021/docid-32281843.md                               document_date    05/00/1975            → day is out of range for month: 05/00/1975
releases/2018/104-10074-10121.md                              document_date    01/01/0000            → year 0 is out of range: 01/01/0000
releases/2018/104-10185-10266.md                              document_date    01/01/0000            → year 0 is out of range: 01/01/0000
releases/2018/104-10181-10081.md                              document_date    01/01/0000            → year 0 is out of range: 01/01/0000
releases/2018/104-10174-10068.md                              document_date    01/01/0000            → year 0 is out of range: 01/01/0000
releases/2018/104-10106-10198.md                              document_date    01/01/0000            → year 0 is out of range: 01/01/0000
releases/2018/104-10180-10023.md                              document_date    01/01/0000            → year 0 is out of range: 01/01/0000
releases/2018/104-10181-10023.md                              document_date    01/01/0000            → year 0 is out of range: 01/01/0000
releases/2018/104-10110-10527.md                              document_date    01/01/0000            → year 0 is out of range: 01/01/0000
releases/2018/180-10145-10216.md                              document_date    03/00/1978            → day is out of range for month: 03/00/1978
releases/2018/104-10110-10620.md                              document_date    01/01/0000            → year 0 is out of range: 01/01/0000
releases/2018/104-10222-10012.md                              document_date    01/01/0000            → year 0 is out of range: 01/01/0000
releases/2018/178-10004-10115.md                              document_date    00/00/1975            → month must be in 1..12: 00/00/1975
releases/2018/104-10161-10120.md                              document_date    01/01/0000            → year 0 is out of range: 01/01/0000
releases/2018/104-10103-10029.md                              document_date    01/01/0000            → year 0 is out of range: 01/01/0000
releases/2018/104-10222-10043.md                              document_date    01/01/0000            → year 0 is out of range: 01/01/0000
releases/2018/104-10105-10103.md                              document_date    01/01/0000            → year 0 is out of range: 01/01/0000
releases/2018/104-10176-10222.md                              document_date    01/01/0000            → year 0 is out of range: 01/01/0000
releases/2018/104-10422-10051.md                              document_date    01/01/0000            → year 0 is out of range: 01/01/0000
releases/2018/157-10014-10178.md                              document_date    00/00/1975            → month must be in 1..12: 00/00/1975
releases/2018/104-10192-10232.md                              document_date    01/01/0000            → year 0 is out of range: 01/01/0000
releases/2018/104-10246-10031.md                              document_date    01/01/0000            → year 0 is out of range: 01/01/0000
releases/2018/104-10308-10304.md                              document_date    01/01/0000            → year 0 is out of range: 01/01/0000
releases/2018/104-10173-10036.md                              document_date    01/01/0000            → year 0 is out of range: 01/01/0000
releases/2018/104-10187-10158.md                              document_date    01/01/0000            → year 0 is out of range: 01/01/0000
releases/2018/104-10063-10281.md                              document_date    01/01/0000            → year 0 is out of range: 01/01/0000
releases/2018/104-10193-10075.md                              document_date    01/01/0000            → year 0 is out of range: 01/01/0000
releases/2018/104-10173-10142.md                              document_date    01/01/0000            → year 0 is out of range: 01/01/0000
releases/2018/178-10002-10369.md                              document_date    00/00/1975            → month must be in 1..12: 00/00/1975
releases/2018/104-10131-10006.md                              document_date    01/01/0000            → year 0 is out of range: 01/01/0000
releases/2018/docid-32423543.md                               document_date    07/00/1975            → day is out of range for month: 07/00/1975
releases/2018/104-10219-10051.md                              document_date    01/01/0000            → year 0 is out of range: 01/01/0000
releases/2018/104-10172-10113.md                              document_date    01/01/0000            → year 0 is out of range: 01/01/0000
releases/2018/104-10193-10164.md                              document_date    01/01/0000            → year 0 is out of range: 01/01/0000
releases/2018/104-10177-10135.md                              document_date    01/01/0000            → year 0 is out of range: 01/01/0000
releases/2018/104-10176-10075.md                              document_date    01/01/0000            → year 0 is out of range: 01/01/0000
releases/2018/104-10219-10041.md                              document_date    04/24/0000            → year 0 is out of range: 04/24/0000
releases/2018/104-10063-10291.md                              document_date    01/01/0000            → year 0 is out of range: 01/01/0000
releases/2018/104-10422-10024.md                              document_date    01/01/0000            → year 0 is out of range: 01/01/0000
releases/2018/104-10177-10206.md                              document_date    01/01/0000            → year 0 is out of range: 01/01/0000
releases/2018/104-10177-10257.md                              document_date    01/01/0000            → year 0 is out of range: 01/01/0000
releases/2018/docid-32278009.md                               document_date    00/00/1964            → month must be in 1..12: 00/00/1964
releases/2018/104-10186-10008.md                              document_date    01/01/0000            → year 0 is out of range: 01/01/0000
releases/2018/104-10173-10166.md                              document_date    01/01/0000            → year 0 is out of range: 01/01/0000
releases/2018/104-10413-10057.md                              document_date    01/01/0000            → year 0 is out of range: 01/01/0000
releases/2018/104-10176-10010.md                              document_date    01/01/0000            → year 0 is out of range: 01/01/0000
releases/2018/104-10173-10137.md                              document_date    01/01/0000            → year 0 is out of range: 01/01/0000
releases/2018/104-10192-10000.md                              document_date    01/01/0000            → year 0 is out of range: 01/01/0000
releases/2018/104-10228-10090.md                              document_date    01/01/0000            → year 0 is out of range: 01/01/0000
releases/2018/104-10192-10222.md                              document_date    01/01/0000            → year 0 is out of range: 01/01/0000
releases/2018/104-10196-10354.md                              document_date    01/01/0000            → year 0 is out of range: 01/01/0000
releases/2018/180-10142-10318.md                              document_date    03/00/1978            → day is out of range for month: 03/00/1978
releases/2018/104-10135-10327.md                              document_date    01/01/0000            → year 0 is out of range: 01/01/0000
releases/2018/104-10181-10007.md                              document_date    01/01/0000            → year 0 is out of range: 01/01/0000
releases/2018/104-10103-10068.md                              document_date    01/01/0000            → year 0 is out of range: 01/01/0000
releases/2018/104-10222-10002.md                              document_date    01/01/0000            → year 0 is out of range: 01/01/0000
releases/2018/104-10161-10192.md                              document_date    01/01/0000            → year 0 is out of range: 01/01/0000
releases/2018/104-10227-10000.md                              document_date    01/01/0000            → year 0 is out of range: 01/01/0000
releases/2018/104-10302-10023.md                              document_date    01/01/0000            → year 0 is out of range: 01/01/0000
releases/2018/104-10050-10228.md                              document_date    01/01/0000            → year 0 is out of range: 01/01/0000
releases/2018/104-10133-10239.md                              document_date    01/01/0000            → year 0 is out of range: 01/01/0000
releases/2018/104-10216-10325.md                              document_date    01/01/0000            → year 0 is out of range: 01/01/0000
releases/2018/104-10165-10132.md                              document_date    01/01/0000            → year 0 is out of range: 01/01/0000
releases/2018/104-10079-10209.md                              document_date    01/01/0000            → year 0 is out of range: 01/01/0000
releases/2018/104-10106-10188.md                              document_date    01/01/0000            → year 0 is out of range: 01/01/0000
releases/2018/104-10195-10021_1.md                            document_date    01/01/0000            → year 0 is out of range: 01/01/0000
releases/2018/104-10180-10091.md                              document_date    01/01/0000            → year 0 is out of range: 01/01/0000
releases/2018/104-10178-10002.md                              document_date    01/01/0000            → year 0 is out of range: 01/01/0000
releases/2018/104-10164-10112.md                              document_date    01/01/0000            → year 0 is out of range: 01/01/0000
releases/2018/104-10217-10185.md                              document_date    01/01/0000            → year 0 is out of range: 01/01/0000
releases/2018/104-10303-10003.md                              document_date    01/01/0000            → year 0 is out of range: 01/01/0000
releases/2018/104-10181-10042.md                              document_date    01/01/0000            → year 0 is out of range: 01/01/0000
releases/2018/104-10059-10375.md                              document_date    01/01/0000            → year 0 is out of range: 01/01/0000
releases/2018/104-10180-10042.md                              document_date    01/01/0000            → year 0 is out of range: 01/01/0000
releases/2018/104-10165-10143.md                              document_date    01/01/0000            → year 0 is out of range: 01/01/0000
releases/2018/104-10178-10067.md                              document_date    01/01/0000            → year 0 is out of range: 01/01/0000
releases/2018/104-10178-10176.md                              document_date    01/01/0000            → year 0 is out of range: 01/01/0000
releases/2018/104-10071-10282.md                              document_date    01/01/0000            → year 0 is out of range: 01/01/0000
releases/2018/104-10185-10262.md                              document_date    01/01/0000            → year 0 is out of range: 01/01/0000
releases/2018/104-10178-10185.md                              document_date    01/01/0000            → year 0 is out of range: 01/01/0000
releases/2018/104-10429-10000.md                              document_date    01/01/0000            → year 0 is out of range: 01/01/0000
releases/2018/104-10165-10126.md                              document_date    01/01/0000            → year 0 is out of range: 01/01/0000
releases/2018/104-10510-10080.md                              document_date    01/01/0000            → year 0 is out of range: 01/01/0000
releases/2018/104-10071-10360.md                              document_date    01/01/0000            → year 0 is out of range: 01/01/0000
releases/2018/104-10161-10110.md                              document_date    01/01/0000            → year 0 is out of range: 01/01/0000
releases/2018/104-10119-10250.md                              document_date    01/01/0000            → year 0 is out of range: 01/01/0000
releases/2018/104-10422-10061.md                              document_date    01/01/0000            → year 0 is out of range: 01/01/0000
releases/2018/104-10120-10059.md                              document_date    01/01/0000            → year 0 is out of range: 01/01/0000
releases/2018/104-10193-10160.md                              document_date    01/01/0000            → year 0 is out of range: 01/01/0000
releases/2018/104-10177-10121.md                              document_date    01/01/0000            → year 0 is out of range: 01/01/0000
releases/2018/104-10210-10068.md                              document_date    01/01/0000            → year 0 is out of range: 01/01/0000
releases/2018/104-10173-10006.md                              document_date    01/01/0000            → year 0 is out of range: 01/01/0000
releases/2018/104-10246-10035.md                              document_date    08/07/0000            → year 0 is out of range: 08/07/0000
releases/2018/157-10005-10214.md                              document_date    00/00/1975            → month must be in 1..12: 00/00/1975
releases/2018/104-10111-10208.md                              document_date    01/01/0000            → year 0 is out of range: 01/01/0000
releases/2018/104-10266-10138.md                              document_date    01/01/0000            → year 0 is out of range: 01/01/0000
releases/2018/104-10177-10226.md                              document_date    01/01/0000            → year 0 is out of range: 01/01/0000
releases/2018/104-10215-10099.md                              document_date    01/01/0000            → year 0 is out of range: 01/01/0000
releases/2018/104-10163-10176_1.md                            document_date    01/01/0000            → year 0 is out of range: 01/01/0000
releases/2018/104-10176-10004.md                              document_date    01/01/0000            → year 0 is out of range: 01/01/0000
releases/2018/104-10173-10133.md                              document_date    01/01/0000            → year 0 is out of range: 01/01/0000
releases/2018/104-10173-10162.md                              document_date    01/01/0000            → year 0 is out of range: 01/01/0000
releases/2018/104-10177-10236.md                              document_date    01/01/0000            → year 0 is out of range: 01/01/0000
releases/2018/104-10310-10020.md                              document_date    01/01/0000            → year 0 is out of range: 01/01/0000
releases/2018/104-10067-10250.md                              document_date    01/01/0000            → year 0 is out of range: 01/01/0000
releases/2018/104-10172-10107.md                              document_date    01/01/0000            → year 0 is out of range: 01/01/0000
releases/2018/104-10105-10210.md                              document_date    08/27/0000            → year 0 is out of range: 08/27/0000
releases/2018/104-10067-10190.md                              document_date    01/01/0000            → year 0 is out of range: 01/01/0000
releases/2018/104-10173-10107.md                              document_date    01/01/0000            → year 0 is out of range: 01/01/0000
releases/2018/104-10219-10154.md                              document_date    01/01/0000            → year 0 is out of range: 01/01/0000
releases/2018/104-10120-10298.md                              document_date    01/01/0000            → year 0 is out of range: 01/01/0000
releases/2018/104-10225-10009.md                              document_date    01/01/0000            → year 0 is out of range: 01/01/0000
releases/2018/104-10256-10268.md                              document_date    01/01/0000            → year 0 is out of range: 01/01/0000
releases/2018/104-10229-10002.md                              document_date    01/01/0000            → year 0 is out of range: 01/01/0000
releases/2018/104-10179-10255.md                              document_date    01/01/0000            → year 0 is out of range: 01/01/0000
releases/2018/104-10521-10024.md                              document_date    01/01/0000            → year 0 is out of range: 01/01/0000
releases/2018/104-10510-10090.md                              document_date    01/01/0000            → year 0 is out of range: 01/01/0000
releases/2018/104-10180-10037.md                              document_date    01/01/0000            → year 0 is out of range: 01/01/0000
releases/2018/104-10222-10032.md                              document_date    01/01/0000            → year 0 is out of range: 01/01/0000
releases/2018/104-10180-10066.md                              document_date    01/01/0000            → year 0 is out of range: 01/01/0000
releases/2018/104-10055-10038.md                              document_date    01/01/0000            → year 0 is out of range: 01/01/0000
releases/2018/104-10520-10086.md                              document_date    01/01/0000            → year 0 is out of range: 01/01/0000
releases/2018/180-10145-10160.md                              document_date    00/00/1978            → month must be in 1..12: 00/00/1978
releases/2018/104-10419-10006.md                              document_date    01/01/0000            → year 0 is out of range: 01/01/0000
releases/2018/104-10161-10322.md                              document_date    01/01/0000            → year 0 is out of range: 01/01/0000
releases/2018/104-10306-10025.md                              document_date    01/01/0000            → year 0 is out of range: 01/01/0000
releases/2018/104-10116-10223.md                              document_date    01/01/0000            → year 0 is out of range: 01/01/0000
releases/2018/104-10178-10152.md                              document_date    01/01/0000            → year 0 is out of range: 01/01/0000
releases/2018/104-10161-10347.md                              document_date    01/01/0000            → year 0 is out of range: 01/01/0000
releases/2018/104-10074-10141.md                              document_date    09/10/0000            → year 0 is out of range: 09/10/0000
releases/2018/104-10180-10012.md                              document_date    01/01/0000            → year 0 is out of range: 01/01/0000
releases/2018/104-10217-10184.md                              document_date    01/01/0000            → year 0 is out of range: 01/01/0000
releases/2018/180-10145-10227.md                              document_date    03/00/1978            → day is out of range for month: 03/00/1978
releases/2018/104-10164-10002.md                              document_date    01/01/0000            → year 0 is out of range: 01/01/0000
releases/2018/104-10112-10012.md                              document_date    01/01/0000            → year 0 is out of range: 01/01/0000
releases/2018/104-10117-10075.md                              document_date    01/01/0000            → year 0 is out of range: 01/01/0000
releases/2018/104-10227-10155.md                              document_date    01/01/0000            → year 0 is out of range: 01/01/0000
releases/2018/104-10120-10487.md                              document_date    01/01/0000            → year 0 is out of range: 01/01/0000
releases/2018/104-10165-10127.md                              document_date    01/01/0000            → year 0 is out of range: 01/01/0000
releases/2018/104-10217-10221.md                              document_date    01/01/0000            → year 0 is out of range: 01/01/0000
releases/2018/104-10181-10166.md                              document_date    01/01/0000            → year 0 is out of range: 01/01/0000
releases/2018/104-10161-10111.md                              document_date    01/01/0000            → year 0 is out of range: 01/01/0000
releases/2018/docid-32206450.md                               document_date    10/00/1964            → day is out of range for month: 10/00/1964
releases/2018/104-10308-10006.md                              document_date    01/01/0000            → year 0 is out of range: 01/01/0000
releases/2018/157-10014-10149.md                              document_date    08/00/1975            → day is out of range for month: 08/00/1975
releases/2018/104-10118-10022.md                              document_date    01/01/0000            → year 0 is out of range: 01/01/0000
releases/2018/104-10193-10161.md                              document_date    01/01/0000            → year 0 is out of range: 01/01/0000
releases/2018/docid-32423686.md                               document_date    01/00/1962            → day is out of range for month: 01/00/1962
releases/2018/104-10183-10089.md                              document_date    01/01/0000            → year 0 is out of range: 01/01/0000
releases/2018/104-10422-10054.md                              document_date    01/01/0000            → year 0 is out of range: 01/01/0000
releases/2018/docid-32423581.md                               document_date    00/00/1975            → month must be in 1..12: 00/00/1975
releases/2018/104-10062-10121.md                              document_date    01/01/0000            → year 0 is out of range: 01/01/0000
releases/2018/104-10176-10005.md                              document_date    01/01/0000            → year 0 is out of range: 01/01/0000
releases/2018/104-10219-10031.md                              document_date    03/03/0000            → year 0 is out of range: 03/03/0000
releases/2018/104-10173-10132.md                              document_date    01/01/0000            → year 0 is out of range: 01/01/0000
releases/2018/104-10308-10080.md                              document_date    01/01/0000            → year 0 is out of range: 01/01/0000
releases/2018/104-10173-10163.md                              document_date    01/01/0000            → year 0 is out of range: 01/01/0000
releases/2018/157-10004-10136.md                              document_date    00/00/1976            → month must be in 1..12: 00/00/1976
releases/2018/104-10192-10227.md                              document_date    01/01/0000            → year 0 is out of range: 01/01/0000
releases/2018/104-10067-10156.md                              document_date    01/01/0000            → year 0 is out of range: 01/01/0000
releases/2018/104-10135-10322.md                              document_date    01/01/0000            → year 0 is out of range: 01/01/0000
releases/2018/104-10105-10211.md                              document_date    09/09/0000            → year 0 is out of range: 09/09/0000
releases/2018/104-10172-10106.md                              document_date    01/01/0000            → year 0 is out of range: 01/01/0000
releases/2018/104-10192-10031.md                              document_date    01/01/0000            → year 0 is out of range: 01/01/0000
releases/2018/104-10219-10015.md                              document_date    01/01/0000            → year 0 is out of range: 01/01/0000
releases/2018/104-10176-10070.md                              document_date    01/01/0000            → year 0 is out of range: 01/01/0000
releases/2018/104-10308-10265.md                              document_date    01/01/0000            → year 0 is out of range: 01/01/0000
releases/2018/157-10005-10320.md                              document_date    00/00/1976            → month must be in 1..12: 00/00/1976
releases/2018/104-10177-10203.md                              document_date    01/01/0000            → year 0 is out of range: 01/01/0000
releases/2018/104-10224-10008.md                              document_date    01/01/0000            → year 0 is out of range: 01/01/0000
releases/2018/104-10110-10532.md                              document_date    01/01/0000            → year 0 is out of range: 01/01/0000
releases/2018/104-10165-10077.md                              document_date    01/01/0000            → year 0 is out of range: 01/01/0000
releases/2018/104-10428-10151.md                              document_date    01/01/0000            → year 0 is out of range: 01/01/0000
releases/2018/180-10143-10467.md                              document_date    00/00/1978            → month must be in 1..12: 00/00/1978
releases/2018/104-10222-10033.md                              document_date    01/01/0000            → year 0 is out of range: 01/01/0000
releases/2018/104-10186-10421.md                              document_date    01/01/0000            → year 0 is out of range: 01/01/0000
releases/2018/104-10165-10084.md                              document_date    01/01/0000            → year 0 is out of range: 01/01/0000
releases/2018/104-10261-10052.md                              document_date    01/01/0000            → year 0 is out of range: 01/01/0000
releases/2018/104-10181-10002.md                              document_date    01/01/0000            → year 0 is out of range: 01/01/0000
releases/2018/104-10185-10267.md                              document_date    01/01/0000            → year 0 is out of range: 01/01/0000
releases/2018/104-10174-10069.md                              document_date    01/01/0000            → year 0 is out of range: 01/01/0000
releases/2018/104-10167-10413.md                              document_date    01/01/0000            → year 0 is out of range: 01/01/0000
releases/2018/104-10113-10387.md                              document_date    01/01/0000            → year 0 is out of range: 01/01/0000
releases/2018/104-10255-10143.md                              document_date    01/01/0000            → year 0 is out of range: 01/01/0000
releases/2018/104-10180-10200.md                              document_date    01/01/0000            → year 0 is out of range: 01/01/0000
releases/2018/104-10180-10191.md                              document_date    01/01/0000            → year 0 is out of range: 01/01/0000
releases/2018/104-10165-10123.md                              document_date    01/01/0000            → year 0 is out of range: 01/01/0000
releases/2018/104-10217-10225.md                              document_date    01/01/0000            → year 0 is out of range: 01/01/0000
releases/2018/104-10167-10427.md                              document_date    01/01/0000            → year 0 is out of range: 01/01/0000
releases/2018/104-10431-10006.md                              document_date    01/01/0000            → year 0 is out of range: 01/01/0000
releases/2018/104-10110-10621.md                              document_date    01/01/0000            → year 0 is out of range: 01/01/0000
releases/2018/104-10181-10107.md                              document_date    01/01/0000            → year 0 is out of range: 01/01/0000
releases/2018/104-10178-10334.md                              document_date    01/01/0000            → year 0 is out of range: 01/01/0000
releases/2018/104-10222-10042.md                              document_date    01/01/0000            → year 0 is out of range: 01/01/0000
releases/2018/104-10247-10061.md                              document_date    01/01/0000            → year 0 is out of range: 01/01/0000
releases/2018/104-10192-10233.md                              document_date    01/01/0000            → year 0 is out of range: 01/01/0000
releases/2018/104-10218-10035.md                              document_date    01/01/0000            → year 0 is out of range: 01/01/0000
releases/2018/104-10247-10092.md                              document_date    01/01/0000            → year 0 is out of range: 01/01/0000
releases/2018/docid-32112857.md                               document_date    03/00/1964            → day is out of range for month: 03/00/1964
releases/2018/104-10177-10217.md                              document_date    01/01/0000            → year 0 is out of range: 01/01/0000
releases/2018/104-10067-10245.md                              document_date    01/01/0000            → year 0 is out of range: 01/01/0000
releases/2018/104-10196-10042.md                              document_date    01/01/0000            → year 0 is out of range: 01/01/0000
releases/2018/104-10193-10165.md                              document_date    01/01/0000            → year 0 is out of range: 01/01/0000
releases/2018/157-10004-10147.md                              document_date    00/00/1976            → month must be in 1..12: 00/00/1976
releases/2018/104-10172-10112.md                              document_date    01/01/0000            → year 0 is out of range: 01/01/0000
releases/2018/104-10177-10134.md                              document_date    01/01/0000            → year 0 is out of range: 01/01/0000
releases/2018/104-10218-10011.md                              document_date    01/01/0000            → year 0 is out of range: 01/01/0000
releases/2018/104-10119-10176.md                              document_date    11/25/0000            → year 0 is out of range: 11/25/0000
releases/2018/104-10219-10040.md                              document_date    01/01/0000            → year 0 is out of range: 01/01/0000
releases/2018/104-10187-10009.md                              document_date    01/01/0000            → year 0 is out of range: 01/01/0000
releases/2018/104-10186-10398.md                              document_date    01/01/0000            → year 0 is out of range: 01/01/0000
releases/2018/104-10192-10110.md                              document_date    01/01/0000            → year 0 is out of range: 01/01/0000
releases/2018/104-10173-10167.md                              document_date    01/01/0000            → year 0 is out of range: 01/01/0000
releases/2018/157-10004-10132.md                              document_date    00/00/1976            → month must be in 1..12: 00/00/1976
releases/2018/104-10131-10072.md                              document_date    01/01/0000            → year 0 is out of range: 01/01/0000
releases/2018/157-10014-10138.md                              document_date    00/00/1975            → month must be in 1..12: 00/00/1975
releases/2018/104-10217-10190.md                              document_date    08/11/0000            → year 0 is out of range: 08/11/0000
releases/2018/104-10290-10198.md                              document_date    01/01/0000            → year 0 is out of range: 01/01/0000
releases/2018/104-10165-10016.md                              document_date    01/01/0000            → year 0 is out of range: 01/01/0000
releases/2018/104-10306-10020.md                              document_date    01/01/0000            → year 0 is out of range: 01/01/0000
releases/2018/104-10435-10071.md                              document_date    01/01/0000            → year 0 is out of range: 01/01/0000
releases/2018/104-10112-10275.md                              document_date    01/01/0000            → year 0 is out of range: 01/01/0000
releases/2018/104-10051-10278.md                              document_date    01/01/0000            → year 0 is out of range: 01/01/0000
releases/2018/104-10149-10035.md                              document_date    01/01/0000            → year 0 is out of range: 01/01/0000
releases/2018/104-10165-10133.md                              document_date    01/01/0000            → year 0 is out of range: 01/01/0000
releases/2018/104-10180-10210.md                              document_date    01/01/0000            → year 0 is out of range: 01/01/0000
releases/2018/104-10006-10240.md                              document_date    01/01/0000            → year 0 is out of range: 01/01/0000
releases/2018/104-10074-10161.md                              document_date    01/01/0000            → year 0 is out of range: 01/01/0000
releases/2018/104-10161-10327.md                              document_date    01/01/0000            → year 0 is out of range: 01/01/0000
releases/2018/104-10215-10246.md                              document_date    01/01/0000            → year 0 is out of range: 01/01/0000
releases/2018/104-10163-10176.md                              document_date    01/01/0000            → year 0 is out of range: 01/01/0000
releases/2018/104-10229-10028.md                              document_date    01/01/0000            → year 0 is out of range: 01/01/0000
releases/2018/104-10256-10302.md                              document_date    02/09/0000            → year 0 is out of range: 02/09/0000
releases/2018/104-10187-10026.md                              document_date    01/01/0000            → year 0 is out of range: 01/01/0000
releases/2018/104-10183-10150.md                              document_date    12/04/0000            → year 0 is out of range: 12/04/0000
releases/2018/157-10011-10004.md                              document_date    06/00/1975            → day is out of range for month: 06/00/1975
releases/2018/104-10196-10018.md                              document_date    01/01/0000            → year 0 is out of range: 01/01/0000
releases/2018/104-10210-10037.md                              document_date    01/01/0000            → year 0 is out of range: 01/01/0000
releases/2018/104-10335-10014.md                              document_date    01/01/0000            → year 0 is out of range: 01/01/0000
releases/2018/104-10186-10370.md                              document_date    01/01/0000            → year 0 is out of range: 01/01/0000
releases/2018/104-10187-10012.md                              document_date    01/01/0000            → year 0 is out of range: 01/01/0000
releases/2018/104-10516-10235.md                              document_date    01/01/0000            → year 0 is out of range: 01/01/0000
releases/2018/104-10243-10128.md                              document_date    01/01/0000            → year 0 is out of range: 01/01/0000
releases/2018/157-10014-10117.md                              document_date    00/00/1975            → month must be in 1..12: 00/00/1975
releases/2018/104-10169-10032.md                              document_date    01/01/0000            → year 0 is out of range: 01/01/0000
releases/2018/104-10175-10180.md                              document_date    01/01/0000            → year 0 is out of range: 01/01/0000
releases/2018/104-10050-10232.md                              document_date    01/01/0000            → year 0 is out of range: 01/01/0000
releases/2018/180-10110-10485.md                              document_date    00/00/1978            → month must be in 1..12: 00/00/1978
releases/2018/104-10106-10312.md                              document_date    01/01/0000            → year 0 is out of range: 01/01/0000
releases/2018/104-10175-10033.md                              document_date    01/01/0000            → year 0 is out of range: 01/01/0000
releases/2018/104-10133-10281.md                              document_date    01/01/0000            → year 0 is out of range: 01/01/0000
releases/2018/104-10102-10235.md                              document_date    01/01/0000            → year 0 is out of range: 01/01/0000
releases/2018/104-10174-10062.md                              document_date    01/01/0000            → year 0 is out of range: 01/01/0000
releases/2018/104-10439-10115.md                              document_date    01/01/0000            → year 0 is out of range: 01/01/0000
releases/2018/104-10291-10004.md                              document_date    01/01/0000            → year 0 is out of range: 01/01/0000
releases/2018/104-10194-10015.md                              document_date    01/01/0000            → year 0 is out of range: 01/01/0000
releases/2018/104-10068-10188.md                              document_date    01/01/0000            → year 0 is out of range: 01/01/0000
releases/2018/104-10073-10448.md                              document_date    01/01/0000            → year 0 is out of range: 01/01/0000
releases/2018/104-10188-10020.md                              document_date    01/01/0000            → year 0 is out of range: 01/01/0000
releases/2018/104-10236-10075.md                              document_date    01/01/0000            → year 0 is out of range: 01/01/0000
releases/2018/157-10002-10003.md                              document_date    05/00/1975            → day is out of range for month: 05/00/1975
releases/2018/104-10195-10021.md                              document_date    01/01/0000            → year 0 is out of range: 01/01/0000
releases/2018/104-10510-10148.md                              document_date    01/01/0000            → year 0 is out of range: 01/01/0000
releases/2018/104-10061-10080.md                              document_date    01/01/0000            → year 0 is out of range: 01/01/0000
releases/2018/104-10133-10207.md                              document_date    01/01/0000            → year 0 is out of range: 01/01/0000
releases/2018/104-10291-10014.md                              document_date    01/01/0000            → year 0 is out of range: 01/01/0000
releases/2018/157-10002-10027.md                              document_date    00/00/1975            → month must be in 1..12: 00/00/1975
releases/2018/104-10174-10072.md                              document_date    01/01/0000            → year 0 is out of range: 01/01/0000
releases/2018/104-10055-10036.md                              document_date    01/01/0000            → year 0 is out of range: 01/01/0000
releases/2018/104-10050-10000.md                              document_date    01/01/0000            → year 0 is out of range: 01/01/0000
releases/2018/104-10165-10029.md                              document_date    01/01/0000            → year 0 is out of range: 01/01/0000
releases/2018/198-10007-10008.md                              document_date    02/00/1963            → day is out of range for month: 02/00/1963
releases/2018/104-10180-10039.md                              document_date    01/01/0000            → year 0 is out of range: 01/01/0000
releases/2018/104-10225-10007.md                              document_date    01/01/0000            → year 0 is out of range: 01/01/0000
releases/2018/104-10224-10007.md                              document_date    01/01/0000            → year 0 is out of range: 01/01/0000
releases/2018/104-10187-10002.md                              document_date    01/01/0000            → year 0 is out of range: 01/01/0000
releases/2018/104-10186-10393.md                              document_date    01/01/0000            → year 0 is out of range: 01/01/0000
releases/2018/104-10220-10302.md                              document_date    01/01/0000            → year 0 is out of range: 01/01/0000
releases/2018/104-10172-10109.md                              document_date    01/01/0000            → year 0 is out of range: 01/01/0000
releases/2018/104-10167-10346.md                              document_date    01/01/0000            → year 0 is out of range: 01/01/0000
releases/2018/104-10436-10084.md                              document_date    01/01/0000            → year 0 is out of range: 01/01/0000
releases/2018/104-10183-10000.md                              document_date    01/01/0000            → year 0 is out of range: 01/01/0000
releases/2018/157-10011-10014.md                              document_date    06/00/1975            → day is out of range for month: 06/00/1975
releases/2018/104-10209-10164.md                              document_date    01/01/0000            → year 0 is out of range: 01/01/0000
releases/2018/104-10182-10140.md                              document_date    01/01/0000            → year 0 is out of range: 01/01/0000
releases/2018/104-10182-10000.md                              document_date    01/01/0000            → year 0 is out of range: 01/01/0000
releases/2018/104-10209-10024.md                              document_date    01/01/0000            → year 0 is out of range: 01/01/0000
releases/2018/104-10177-10238.md                              document_date    01/01/0000            → year 0 is out of range: 01/01/0000
releases/2018/104-10111-10065.md                              document_date    01/01/0000            → year 0 is out of range: 01/01/0000
releases/2018/104-10209-10086.md                              document_date    01/01/0000            → year 0 is out of range: 01/01/0000
releases/2018/104-10111-10105.md                              document_date    01/01/0000            → year 0 is out of range: 01/01/0000
releases/2018/104-10183-10313.md                              document_date    01/01/0000            → year 0 is out of range: 01/01/0000
releases/2018/104-10433-10170.md                              document_date    01/01/0000            → year 0 is out of range: 01/01/0000
releases/2018/104-10111-10045.md                              document_date    01/01/0000            → year 0 is out of range: 01/01/0000
releases/2018/104-10182-10131.md                              document_date    01/01/0000            → year 0 is out of range: 01/01/0000
releases/2018/104-10224-10013.md                              document_date    01/01/0000            → year 0 is out of range: 01/01/0000
releases/2018/178-10003-10394.md                              document_date    00/00/1975            → month must be in 1..12: 00/00/1975
releases/2018/104-10433-10212.md                              document_date    01/01/0000            → year 0 is out of range: 01/01/0000
releases/2018/104-10182-10071.md                              document_date    01/01/0000            → year 0 is out of range: 01/01/0000
releases/2018/104-10187-10156.md                              document_date    01/01/0000            → year 0 is out of range: 01/01/0000
releases/2018/104-10220-10134.md                              document_date    01/01/0000            → year 0 is out of range: 01/01/0000
releases/2018/104-10105-10168.md                              document_date    01/01/0000            → year 0 is out of range: 01/01/0000
releases/2018/104-10413-10049.md                              document_date    01/01/0000            → year 0 is out of range: 01/01/0000
releases/2018/104-10111-10071.md                              document_date    01/01/0000            → year 0 is out of range: 01/01/0000
releases/2018/104-10436-10032.md                              document_date    01/01/0000            → year 0 is out of range: 01/01/0000
releases/2018/104-10162-10241.md                              document_date    01/01/0000            → year 0 is out of range: 01/01/0000
releases/2018/104-10163-10123.md                              document_date    01/01/0000            → year 0 is out of range: 01/01/0000
releases/2018/104-10225-10027.md                              document_date    01/01/0000            → year 0 is out of range: 01/01/0000
releases/2018/104-10169-10282.md                              document_date    01/01/0000            → year 0 is out of range: 01/01/0000
releases/2018/198-10007-10028.md                              document_date    03/00/1963            → day is out of range for month: 03/00/1963
releases/2018/104-10169-10142.md                              document_date    01/01/0000            → year 0 is out of range: 01/01/0000
releases/2018/104-10181-10108.md                              document_date    01/01/0000            → year 0 is out of range: 01/01/0000
releases/2018/104-10079-10391_1.md                            document_date    01/01/0000            → year 0 is out of range: 01/01/0000
releases/2018/104-10194-10025.md                              document_date    01/01/0000            → year 0 is out of range: 01/01/0000
releases/2018/104-10227-10088.md                              document_date    01/01/0000            → year 0 is out of range: 01/01/0000
releases/2018/104-10175-10184.md                              document_date    01/01/0000            → year 0 is out of range: 01/01/0000
releases/2018/104-10130-10475.md                              document_date    01/01/0000            → year 0 is out of range: 01/01/0000
releases/2018/104-10188-10010.md                              document_date    01/01/0000            → year 0 is out of range: 01/01/0000
releases/2018/104-10065-10174.md                              document_date    01/01/0000            → year 0 is out of range: 01/01/0000
releases/2018/104-10510-10079.md                              document_date    01/01/0000            → year 0 is out of range: 01/01/0000
releases/2018/104-10241-10183.md                              document_date    01/01/0000            → year 0 is out of range: 01/01/0000
releases/2018/104-10291-10000.md                              document_date    01/01/0000            → year 0 is out of range: 01/01/0000
releases/2018/104-10055-10032.md                              document_date    01/01/0000            → year 0 is out of range: 01/01/0000
releases/2018/104-10065-10086.md                              document_date    01/01/0000            → year 0 is out of range: 01/01/0000
releases/2018/104-10291-10010.md                              document_date    01/01/0000            → year 0 is out of range: 01/01/0000
releases/2018/104-10194-10001.md                              document_date    01/01/0000            → year 0 is out of range: 01/01/0000
releases/2018/104-10175-10085.md                              document_date    01/01/0000            → year 0 is out of range: 01/01/0000
releases/2018/104-10188-10000.md                              document_date    01/01/0000            → year 0 is out of range: 01/01/0000
releases/2018/104-10050-10226.md                              document_date    01/01/0000            → year 0 is out of range: 01/01/0000
releases/2018/104-10222-10038.md                              document_date    01/01/0000            → year 0 is out of range: 01/01/0000
releases/2018/104-10178-10158.md                              document_date    01/01/0000            → year 0 is out of range: 01/01/0000
releases/2018/104-10132-10021.md                              document_date    01/01/0000            → year 0 is out of range: 01/01/0000
releases/2018/104-10145-10114.md                              document_date    01/01/0000            → year 0 is out of range: 01/01/0000
releases/2018/104-10164-10108.md                              document_date    01/01/0000            → year 0 is out of range: 01/01/0000
releases/2018/104-10187-10063.md                              document_date    01/01/0000            → year 0 is out of range: 01/01/0000
releases/2018/180-10142-10087.md                              document_date    00/00/1978            → month must be in 1..12: 00/00/1978
releases/2018/157-10011-10010.md                              document_date    06/00/1975            → day is out of range for month: 06/00/1975
releases/2018/104-10516-10244.md                              document_date    01/01/0000            → year 0 is out of range: 01/01/0000
releases/2018/104-10182-10004.md                              document_date    01/01/0000            → year 0 is out of range: 01/01/0000
releases/2018/104-10183-10366.md                              document_date    01/01/0000            → year 0 is out of range: 01/01/0000
releases/2018/104-10215-10161.md                              document_date    01/01/0000            → year 0 is out of range: 01/01/0000
releases/2018/104-10073-10070.md                              document_date    01/01/0000            → year 0 is out of range: 01/01/0000
releases/2018/104-10167-10376.md                              document_date    07/19/0000            → year 0 is out of range: 07/19/0000
releases/2018/104-10121-10204.md                              document_date    01/01/0000            → year 0 is out of range: 01/01/0000
releases/2018/104-10177-10259.md                              document_date    01/01/0000            → year 0 is out of range: 01/01/0000
releases/2018/104-10310-10259.md                              document_date    01/01/0000            → year 0 is out of range: 01/01/0000
releases/2018/104-10225-10003.md                              document_date    01/01/0000            → year 0 is out of range: 01/01/0000
releases/2018/104-10224-10003.md                              document_date    01/01/0000            → year 0 is out of range: 01/01/0000
releases/2018/104-10166-10160.md                              document_date    01/01/0000            → year 0 is out of range: 01/01/0000
releases/2018/104-10182-10303.md                              document_date    01/01/0000            → year 0 is out of range: 01/01/0000
releases/2018/104-10183-10092.md                              document_date    01/01/0000            → year 0 is out of range: 01/01/0000
releases/2018/104-10096-10145.md                              document_date    01/01/0000            → year 0 is out of range: 01/01/0000
releases/2018/178-10002-10266.md                              document_date    05/00/1975            → day is out of range for month: 05/00/1975
releases/2018/104-10220-10097.md                              document_date    01/01/0000            → year 0 is out of range: 01/01/0000
releases/2018/104-10110-10015.md                              document_date    05/28/0000            → year 0 is out of range: 05/28/0000
releases/2018/104-10256-10391.md                              document_date    01/01/0000            → year 0 is out of range: 01/01/0000
releases/2018/104-10114-10163.md                              document_date    01/01/0000            → year 0 is out of range: 01/01/0000
releases/2018/104-10166-10242.md                              document_date    01/01/0000            → year 0 is out of range: 01/01/0000
releases/2018/104-10111-10104.md                              document_date    01/01/0000            → year 0 is out of range: 01/01/0000
releases/2018/104-10072-10055.md                              document_date    01/01/0000            → year 0 is out of range: 01/01/0000
releases/2018/104-10224-10012.md                              document_date    01/01/0000            → year 0 is out of range: 01/01/0000
releases/2018/104-10506-10018.md                              document_date    08/23/0000            → year 0 is out of range: 08/23/0000
releases/2018/104-10177-10219.md                              document_date    01/01/0000            → year 0 is out of range: 01/01/0000
releases/2018/104-10225-10012.md                              document_date    01/01/0000            → year 0 is out of range: 01/01/0000
releases/2018/104-10166-10120.md                              document_date    01/01/0000            → year 0 is out of range: 01/01/0000
releases/2018/104-10187-10157.md                              document_date    01/01/0000            → year 0 is out of range: 01/01/0000
releases/2018/104-10187-10017.md                              document_date    01/01/0000            → year 0 is out of range: 01/01/0000
releases/2018/104-10516-10261.md                              document_date    01/01/0000            → year 0 is out of range: 01/01/0000
releases/2018/104-10413-10048.md                              document_date    01/01/0000            → year 0 is out of range: 01/01/0000
releases/2018/104-10187-10081.md                              document_date    01/01/0000            → year 0 is out of range: 01/01/0000
releases/2018/104-10173-10128.md                              document_date    01/01/0000            → year 0 is out of range: 01/01/0000
releases/2018/104-10196-10029.md                              document_date    01/01/0000            → year 0 is out of range: 01/01/0000
releases/2018/104-10096-10131.md                              document_date    01/01/0000            → year 0 is out of range: 01/01/0000
releases/2018/104-10215-10212.md                              document_date    01/01/0000            → year 0 is out of range: 01/01/0000
releases/2018/104-10522-10006.md                              document_date    01/01/0000            → year 0 is out of range: 01/01/0000
releases/2018/157-10011-10001.md                              document_date    06/00/1975            → day is out of range for month: 06/00/1975
releases/2018/104-10163-10173.md                              document_date    01/01/0000            → year 0 is out of range: 01/01/0000
releases/2018/104-10301-10005.md                              document_date    01/01/0000            → year 0 is out of range: 01/01/0000
releases/2018/104-10169-10283.md                              document_date    01/01/0000            → year 0 is out of range: 01/01/0000
releases/2018/104-10180-10158.md                              document_date    01/01/0000            → year 0 is out of range: 01/01/0000
releases/2018/104-10006-10299.md                              document_date    01/01/0000            → year 0 is out of range: 01/01/0000
releases/2018/104-10528-10127.md                              document_date    01/01/0000            → year 0 is out of range: 01/01/0000
releases/2018/104-10194-10024.md                              document_date    01/01/0000            → year 0 is out of range: 01/01/0000
releases/2018/104-10079-10391.md                              document_date    01/01/0000            → year 0 is out of range: 01/01/0000
releases/2018/104-10290-10035.md                              document_date    01/01/0000            → year 0 is out of range: 01/01/0000
releases/2018/104-10170-10125.md                              document_date    01/01/0000            → year 0 is out of range: 01/01/0000
releases/2018/docid-32424580.md                               document_date    00/00/1963            → month must be in 1..12: 00/00/1963
releases/2018/104-10268-10010.md                              document_date    01/01/0000            → year 0 is out of range: 01/01/0000
releases/2018/104-10291-10001.md                              document_date    01/01/0000            → year 0 is out of range: 01/01/0000
releases/2018/104-10175-10176.md                              document_date    01/01/0000            → year 0 is out of range: 01/01/0000
releases/2018/104-10113-10109.md                              document_date    01/01/0000            → year 0 is out of range: 01/01/0000
releases/2018/104-10171-10150.md                              document_date    01/01/0000            → year 0 is out of range: 01/01/0000
releases/2018/104-10510-10128.md                              document_date    01/01/0000            → year 0 is out of range: 01/01/0000
releases/2018/104-10102-10220.md                              document_date    01/01/0000            → year 0 is out of range: 01/01/0000
releases/2018/104-10188-10001.md                              document_date    01/01/0000            → year 0 is out of range: 01/01/0000
releases/2018/104-10130-10464.md                              document_date    01/01/0000            → year 0 is out of range: 01/01/0000
releases/2018/104-10268-10000.md                              document_date    01/01/0000            → year 0 is out of range: 01/01/0000
releases/2018/180-10145-10209.md                              document_date    02/00/1978            → day is out of range for month: 02/00/1978
releases/2018/104-10418-10039.md                              document_date    01/01/0000            → year 0 is out of range: 01/01/0000
releases/2018/104-10106-10333.md                              document_date    01/01/0000            → year 0 is out of range: 01/01/0000
releases/2018/104-10236-10031.md                              document_date    01/01/0000            → year 0 is out of range: 01/01/0000
releases/2018/104-10245-10023.md                              document_date    01/01/0000            → year 0 is out of range: 01/01/0000
releases/2018/104-10006-10289.md                              document_date    01/01/0000            → year 0 is out of range: 01/01/0000
releases/2018/104-10061-10167.md                              document_date    01/01/0000            → year 0 is out of range: 01/01/0000
releases/2018/104-10164-10109.md                              document_date    01/01/0000            → year 0 is out of range: 01/01/0000
releases/2018/157-10011-10011.md                              document_date    06/00/1975            → day is out of range for month: 06/00/1975
releases/2018/104-10215-10202.md                              document_date    01/01/0000            → year 0 is out of range: 01/01/0000
releases/2018/104-10173-10169.md                              document_date    01/01/0000            → year 0 is out of range: 01/01/0000
releases/2018/104-10111-10060.md                              document_date    01/01/0000            → year 0 is out of range: 01/01/0000
releases/2018/104-10120-10345.md                              document_date    01/01/0000            → year 0 is out of range: 01/01/0000
releases/2018/104-10121-10205.md                              document_date    01/01/0000            → year 0 is out of range: 01/01/0000
releases/2018/104-10120-10293.md                              document_date    01/01/0000            → year 0 is out of range: 01/01/0000
releases/2018/157-10014-10102.md                              document_date    00/00/1975            → month must be in 1..12: 00/00/1975
releases/2018/104-10229-10009.md                              document_date    01/01/0000            → year 0 is out of range: 01/01/0000
releases/2018/104-10224-10002.md                              document_date    01/01/0000            → year 0 is out of range: 01/01/0000
releases/2018/104-10186-10334.md                              document_date    01/01/0000            → year 0 is out of range: 01/01/0000
releases/2018/157-10005-10159.md                              document_date    00/00/1975            → month must be in 1..12: 00/00/1975
releases/2018/104-10214-10034.md                              document_date    01/01/0000            → year 0 is out of range: 01/01/0000
releases/2018/104-10211-10002.md                              document_date    01/01/0000            → year 0 is out of range: 01/01/0000
releases/2018/104-10215-10125.md                              document_date    01/01/0000            → year 0 is out of range: 01/01/0000
releases/2018/157-10004-10068.md                              document_date    00/00/1976            → month must be in 1..12: 00/00/1976
releases/2018/104-10266-10026.md                              document_date    01/01/0000            → year 0 is out of range: 01/01/0000
releases/2018/104-10215-10096.md                              document_date    01/01/0000            → year 0 is out of range: 01/01/0000
releases/2018/157-10011-10005.md                              document_date    06/00/1975            → day is out of range for month: 06/00/1975
releases/2018/104-10108-10026.md                              document_date    01/01/0000            → year 0 is out of range: 01/01/0000
releases/2018/104-10220-10131.md                              document_date    01/01/0000            → year 0 is out of range: 01/01/0000
releases/2018/104-10516-10265.md                              document_date    01/01/0000            → year 0 is out of range: 01/01/0000
releases/2018/104-10162-10003.md                              document_date    01/01/0000            → year 0 is out of range: 01/01/0000
releases/2018/104-10166-10035.md                              document_date    01/01/0000            → year 0 is out of range: 01/01/0000
releases/2018/104-10188-10015.md                              document_date    01/01/0000            → year 0 is out of range: 01/01/0000
releases/2018/104-10175-10181.md                              document_date    01/01/0000            → year 0 is out of range: 01/01/0000
releases/2018/104-10268-10014.md                              document_date    01/01/0000            → year 0 is out of range: 01/01/0000
releases/2018/180-10110-10484.md                              document_date    00/00/1978            → month must be in 1..12: 00/00/1978
releases/2018/104-10174-10032.md                              document_date    05/04/0000            → year 0 is out of range: 05/04/0000
releases/2018/104-10418-10019.md                              document_date    01/01/0000            → year 0 is out of range: 01/01/0000
releases/2018/104-10194-10014.md                              document_date    01/01/0000            → year 0 is out of range: 01/01/0000
releases/2018/104-10222-10019.md                              document_date    01/01/0000            → year 0 is out of range: 01/01/0000
releases/2018/104-10145-10381.md                              document_date    01/01/0000            → year 0 is out of range: 01/01/0000
releases/2018/104-10171-10092.md                              document_date    01/01/0000            → year 0 is out of range: 01/01/0000
releases/2018/104-10171-10061.md                              document_date    09/13/0000            → year 0 is out of range: 09/13/0000
releases/2018/104-10112-10168.md                              document_date    01/01/0000            → year 0 is out of range: 01/01/0000
releases/2018/104-10170-10121.md                              document_date    01/01/0000            → year 0 is out of range: 01/01/0000
releases/2018/104-10169-10225.md                              document_date    01/01/0000            → year 0 is out of range: 01/01/0000
releases/2018/104-10049-10230.md                              document_date    01/01/0000            → year 0 is out of range: 01/01/0000
releases/2018/104-10079-10014.md                              document_date    01/01/0000            → year 0 is out of range: 01/01/0000
releases/2018/104-10291-10021.md                              document_date    01/01/0000            → year 0 is out of range: 01/01/0000
releases/2018/104-10136-10370.md                              document_date    01/01/0000            → year 0 is out of range: 01/01/0000
releases/2018/104-10168-10017.md                              document_date    12/27/0000            → year 0 is out of range: 12/27/0000
releases/2018/104-10178-10078.md                              document_date    01/01/0000            → year 0 is out of range: 01/01/0000
releases/2018/104-10195-10004.md                              document_date    01/01/0000            → year 0 is out of range: 01/01/0000
releases/2018/104-10050-10001.md                              document_date    01/01/0000            → year 0 is out of range: 01/01/0000
releases/2018/104-10268-10004.md                              document_date    01/01/0000            → year 0 is out of range: 01/01/0000
releases/2018/104-10165-10079.md                              document_date    01/01/0000            → year 0 is out of range: 01/01/0000
releases/2018/104-10181-10038.md                              document_date    01/01/0000            → year 0 is out of range: 01/01/0000
releases/2018/198-10006-10009.md                              document_date    03/00/1963            → day is out of range for month: 03/00/1963
releases/2018/104-10181-10178.md                              document_date    01/01/0000            → year 0 is out of range: 01/01/0000
releases/2018/104-10225-10006.md                              document_date    01/01/0000            → year 0 is out of range: 01/01/0000
releases/2018/104-10224-10006.md                              document_date    01/01/0000            → year 0 is out of range: 01/01/0000
releases/2018/104-10187-10003.md                              document_date    01/01/0000            → year 0 is out of range: 01/01/0000
releases/2018/157-10008-10234.md                              document_date    00/00/1976            → month must be in 1..12: 00/00/1976
releases/2018/104-10308-10298.md                              document_date    01/01/0000            → year 0 is out of range: 01/01/0000
releases/2018/104-10166-10134.md                              document_date    01/01/0000            → year 0 is out of range: 01/01/0000
releases/2018/104-10172-10108.md                              document_date    01/01/0000            → year 0 is out of range: 01/01/0000
releases/2018/104-10086-10279.md                              document_date    01/01/0000            → year 0 is out of range: 01/01/0000
releases/2018/104-10167-10316.md                              document_date    01/01/0000            → year 0 is out of range: 01/01/0000
releases/2018/104-10111-10050.md                              document_date    01/01/0000            → year 0 is out of range: 01/01/0000
releases/2018/104-10145-10418.md                              document_date    08/23/0000            → year 0 is out of range: 08/23/0000
releases/2018/104-10263-10111.md                              document_date    01/01/0000            → year 0 is out of range: 01/01/0000
releases/2018/157-10011-10015.md                              document_date    06/00/1975            → day is out of range for month: 06/00/1975
releases/2018/104-10112-10445.md                              document_date    10/19/0000            → year 0 is out of range: 10/19/0000
releases/2018/104-10209-10025.md                              document_date    01/01/0000            → year 0 is out of range: 01/01/0000
releases/2018/104-10182-10001.md                              document_date    01/01/0000            → year 0 is out of range: 01/01/0000
releases/2018/104-10162-10027.md                              document_date    04/20/0000            → year 0 is out of range: 04/20/0000
releases/2018/104-10209-10256.md                              document_date    01/31/0000            → year 0 is out of range: 01/31/0000
releases/2018/157-10004-10138.md                              document_date    00/00/1976            → month must be in 1..12: 00/00/1976
releases/2018/198-10009-10099.md                              document_date    02/00/1963            → day is out of range for month: 02/00/1963
releases/2018/178-10002-10086.md                              document_date    00/00/1975            → month must be in 1..12: 00/00/1975
releases/2018/104-10187-10014.md                              document_date    01/01/0000            → year 0 is out of range: 01/01/0000
releases/2018/104-10163-10144.md                              document_date    01/01/0000            → year 0 is out of range: 01/01/0000
releases/2018/104-10121-10140.md                              document_date    01/01/0000            → year 0 is out of range: 01/01/0000
releases/2018/104-10182-10073.md                              document_date    01/01/0000            → year 0 is out of range: 01/01/0000
releases/2018/104-10215-10056.md                              document_date    01/01/0000            → year 0 is out of range: 01/01/0000
releases/2018/104-10193-10079.md                              document_date    01/01/0000            → year 0 is out of range: 01/01/0000
releases/2018/180-10147-10175.md                              document_date    12/00/1978            → day is out of range for month: 12/00/1978
releases/2018/104-10256-10283.md                              document_date    01/01/0000            → year 0 is out of range: 01/01/0000
releases/2018/180-10105-10060.md                              document_date    05/00/1978            → day is out of range for month: 05/00/1978
releases/2018/104-10176-10069.md                              document_date    01/01/0000            → year 0 is out of range: 01/01/0000
releases/2018/198-10004-10076.md                              document_date    00/00/1963            → month must be in 1..12: 00/00/1963
releases/2018/104-10172-10189.md                              document_date    01/01/0000            → year 0 is out of range: 01/01/0000
releases/2018/104-10301-10006.md                              document_date    01/01/0000            → year 0 is out of range: 01/01/0000
releases/2018/157-10011-10002.md                              document_date    06/00/1975            → day is out of range for month: 06/00/1975
releases/2018/104-10209-10172.md                              document_date    01/01/0000            → year 0 is out of range: 01/01/0000
releases/2018/180-10147-10332.md                              document_date    00/00/1978            → month must be in 1..12: 00/00/1978
releases/2018/104-10211-10005.md                              document_date    01/01/0000            → year 0 is out of range: 01/01/0000
releases/2018/104-10109-10326.md                              document_date    01/01/0000            → year 0 is out of range: 01/01/0000
releases/2018/104-10230-10019.md                              document_date    01/01/0000            → year 0 is out of range: 01/01/0000
releases/2018/104-10183-10325.md                              document_date    03/23/0000            → year 0 is out of range: 03/23/0000
releases/2018/104-10169-10273.md                              document_date    01/01/0000            → year 0 is out of range: 01/01/0000
releases/2018/104-10290-10036.md                              document_date    01/01/0000            → year 0 is out of range: 01/01/0000
releases/2018/104-10050-10200.md                              document_date    01/01/0000            → year 0 is out of range: 01/01/0000
releases/2018/104-10188-10026.md                              document_date    01/01/0000            → year 0 is out of range: 01/01/0000
releases/2018/104-10129-10440.md                              document_date    01/01/0000            → year 0 is out of range: 01/01/0000
releases/2018/104-10170-10112.md                              document_date    01/01/0000            → year 0 is out of range: 01/01/0000
releases/2018/104-10174-10064.md                              document_date    01/01/0000            → year 0 is out of range: 01/01/0000
releases/2018/104-10291-10002.md                              document_date    01/01/0000            → year 0 is out of range: 01/01/0000
releases/2018/104-10188-10012.md                              document_date    01/01/0000            → year 0 is out of range: 01/01/0000
releases/2018/104-10050-10234.md                              document_date    01/01/0000            → year 0 is out of range: 01/01/0000
releases/2018/104-10103-10291.md                              document_date    01/01/0000            → year 0 is out of range: 01/01/0000
releases/2018/104-10428-10018.md                              document_date    01/01/0000            → year 0 is out of range: 01/01/0000
releases/2018/104-10050-10224.md                              document_date    01/01/0000            → year 0 is out of range: 01/01/0000
releases/2018/104-10169-10135.md                              document_date    02/21/0000            → year 0 is out of range: 02/21/0000
releases/2018/104-10188-10002.md                              document_date    01/01/0000            → year 0 is out of range: 01/01/0000
releases/2018/104-10291-10012.md                              document_date    01/01/0000            → year 0 is out of range: 01/01/0000
releases/2018/104-10195-10003.md                              document_date    01/01/0000            → year 0 is out of range: 01/01/0000
releases/2018/104-10175-10025.md                              document_date    01/01/0000            → year 0 is out of range: 01/01/0000
releases/2018/104-10186-10428.md                              document_date    01/01/0000            → year 0 is out of range: 01/01/0000
releases/2018/104-10061-10206.md                              document_date    01/01/0000            → year 0 is out of range: 01/01/0000
releases/2018/104-10174-10040.md                              document_date    01/01/0000            → year 0 is out of range: 01/01/0000
releases/2018/104-10171-10136.md                              document_date    01/01/0000            → year 0 is out of range: 01/01/0000
releases/2018/104-10215-10072.md                              document_date    01/01/0000            → year 0 is out of range: 01/01/0000
releases/2018/180-10142-10167.md                              document_date    00/00/1978            → month must be in 1..12: 00/00/1978
releases/2018/157-10011-10012.md                              document_date    06/00/1975            → day is out of range for month: 06/00/1975
releases/2018/104-10059-10423.md                              document_date    01/01/0000            → year 0 is out of range: 01/01/0000
releases/2018/104-10187-10030.md                              document_date    01/01/0000            → year 0 is out of range: 01/01/0000
releases/2018/104-10120-10075.md                              document_date    01/01/0000            → year 0 is out of range: 01/01/0000
releases/2018/104-10162-10020.md                              document_date    01/01/0000            → year 0 is out of range: 01/01/0000
releases/2018/104-10182-10057.md                              document_date    01/01/0000            → year 0 is out of range: 01/01/0000
releases/2018/180-10143-10345.md                              document_date    00/00/1976            → month must be in 1..12: 00/00/1976
releases/2018/104-10182-10301.md                              document_date    01/01/0000            → year 0 is out of range: 01/01/0000
releases/2018/104-10161-10464.md                              document_date    01/01/0000            → year 0 is out of range: 01/01/0000
releases/2018/104-10193-10069.md                              document_date    01/01/0000            → year 0 is out of range: 01/01/0000
releases/2018/104-10220-10037.md                              document_date    01/01/0000            → year 0 is out of range: 01/01/0000
releases/2018/104-10224-10001.md                              document_date    01/01/0000            → year 0 is out of range: 01/01/0000
releases/2018/157-10014-10150.md                              document_date    08/00/1975            → day is out of range for month: 08/00/1975
releases/2018/104-10163-10065.md                              document_date    01/01/0000            → year 0 is out of range: 01/01/0000
releases/2018/157-10011-10006.md                              document_date    06/00/1975            → day is out of range for month: 06/00/1975
releases/2018/104-10166-10142.md                              document_date    01/01/0000            → year 0 is out of range: 01/01/0000
releases/2018/104-10215-10126.md                              document_date    01/01/0000            → year 0 is out of range: 01/01/0000
releases/2018/104-10162-10247.md                              document_date    01/01/0000            → year 0 is out of range: 01/01/0000
releases/2018/104-10211-10001.md                              document_date    01/01/0000            → year 0 is out of range: 01/01/0000
releases/2018/104-10220-10264.md                              document_date    09/01/0000            → year 0 is out of range: 09/01/0000
releases/2018/104-10186-10346.md                              document_date    12/03/0000            → year 0 is out of range: 12/03/0000
releases/2018/104-10167-10331.md                              document_date    01/01/0000            → year 0 is out of range: 01/01/0000
releases/2018/178-10004-10420.md                              document_date    06/00/1975            → day is out of range for month: 06/00/1975
releases/2018/104-10182-10137.md                              document_date    01/01/0000            → year 0 is out of range: 01/01/0000
releases/2018/104-10224-10015.md                              document_date    01/01/0000            → year 0 is out of range: 01/01/0000
releases/2018/104-10163-10140.md                              document_date    01/01/0000            → year 0 is out of range: 01/01/0000
releases/2018/104-10305-10000.md                              document_date    01/01/0000            → year 0 is out of range: 01/01/0000
releases/2018/104-10167-10067.md                              document_date    01/01/0000            → year 0 is out of range: 01/01/0000
releases/2018/104-10220-10132.md                              document_date    01/01/0000            → year 0 is out of range: 01/01/0000
releases/2018/157-10014-10144.md                              document_date    00/00/1976            → month must be in 1..12: 00/00/1976
releases/2018/104-10101-10018.md                              document_date    01/01/0000            → year 0 is out of range: 01/01/0000
releases/2018/104-10209-10220.md                              document_date    01/01/0000            → year 0 is out of range: 01/01/0000
releases/2018/104-10218-10008.md                              document_date    01/01/0000            → year 0 is out of range: 01/01/0000
releases/2018/104-10308-10278.md                              document_date    12/01/0000            → year 0 is out of range: 12/01/0000
releases/2018/104-10162-10222.md                              document_date    01/01/0000            → year 0 is out of range: 01/01/0000
releases/2018/104-10229-10432.md                              document_date    01/01/0000            → year 0 is out of range: 01/01/0000
releases/2018/104-10164-10099.md                              document_date    01/01/0000            → year 0 is out of range: 01/01/0000
releases/2018/104-10194-10017.md                              document_date    01/01/0000            → year 0 is out of range: 01/01/0000
releases/2018/104-10067-10413.md                              document_date    01/01/0000            → year 0 is out of range: 01/01/0000
releases/2018/104-10175-10182.md                              document_date    01/01/0000            → year 0 is out of range: 01/01/0000
releases/2018/104-10050-10230.md                              document_date    01/01/0000            → year 0 is out of range: 01/01/0000
releases/2018/104-10188-10016.md                              document_date    01/01/0000            → year 0 is out of range: 01/01/0000
releases/2018/104-10245-10000.md                              document_date    01/01/0000            → year 0 is out of range: 01/01/0000
releases/2018/104-10226-10049.md                              document_date    01/01/0000            → year 0 is out of range: 01/01/0000
releases/2018/104-10145-10167.md                              document_date    01/01/0000            → year 0 is out of range: 01/01/0000
releases/2018/104-10088-10209.md                              document_date    01/01/0000            → year 0 is out of range: 01/01/0000
releases/2018/104-10194-10023.md                              document_date    01/01/0000            → year 0 is out of range: 01/01/0000
releases/2018/104-10171-10062.md                              document_date    01/01/0000            → year 0 is out of range: 01/01/0000
releases/2018/157-10002-10001.md                              document_date    06/00/1975            → day is out of range for month: 06/00/1975
releases/2018/104-10169-10284.md                              document_date    01/01/0000            → year 0 is out of range: 01/01/0000
releases/2018/104-10168-10014.md                              document_date    01/01/0000            → year 0 is out of range: 01/01/0000
releases/2018/104-10290-10162.md                              document_date    01/01/0000            → year 0 is out of range: 01/01/0000
releases/2018/104-10291-10022.md                              document_date    01/01/0000            → year 0 is out of range: 01/01/0000
releases/2018/104-10312-10015.md                              document_date    01/01/0000            → year 0 is out of range: 01/01/0000
releases/2018/104-10186-10418.md                              document_date    01/01/0000            → year 0 is out of range: 01/01/0000
releases/2018/104-10064-10022.md                              document_date    01/01/0000            → year 0 is out of range: 01/01/0000
releases/2018/104-10181-10099.md                              document_date    01/01/0000            → year 0 is out of range: 01/01/0000
releases/2018/104-10147-10416.md                              document_date    01/01/0000            → year 0 is out of range: 01/01/0000
releases/2018/104-10067-10403.md                              document_date    01/01/0000            → year 0 is out of range: 01/01/0000
releases/2018/104-10079-10132.md                              document_date    01/01/0000            → year 0 is out of range: 01/01/0000
releases/2018/104-10290-10156.md                              document_date    01/01/0000            → year 0 is out of range: 01/01/0000
releases/2018/104-10291-10016.md                              document_date    01/01/0000            → year 0 is out of range: 01/01/0000
releases/2018/104-10169-10253.md                              document_date    01/01/0000            → year 0 is out of range: 01/01/0000
releases/2018/104-10006-10249.md                              document_date    01/01/0000            → year 0 is out of range: 01/01/0000
releases/2018/104-10174-10070.md                              document_date    01/01/0000            → year 0 is out of range: 01/01/0000
releases/2018/104-10055-10125.md                              document_date    01/01/0000            → year 0 is out of range: 01/01/0000
releases/2018/104-10219-10049.md                              document_date    01/01/0000            → year 0 is out of range: 01/01/0000
releases/2018/104-10167-10255.md                              document_date    01/01/0000            → year 0 is out of range: 01/01/0000
releases/2018/180-10142-10106.md                              document_date    00/00/1978            → month must be in 1..12: 00/00/1978
releases/2018/104-10186-10362.md                              document_date    01/01/0000            → year 0 is out of range: 01/01/0000
releases/2018/104-10163-10041.md                              document_date    01/01/0000            → year 0 is out of range: 01/01/0000
releases/2018/104-10209-10012.md                              document_date    01/01/0000            → year 0 is out of range: 01/01/0000
releases/2018/104-10162-10041.md                              document_date    01/01/0000            → year 0 is out of range: 01/01/0000
releases/2018/104-10086-10398.md                              document_date    01/01/0000            → year 0 is out of range: 01/01/0000
releases/2018/104-10086-10009.md                              document_date    01/01/0000            → year 0 is out of range: 01/01/0000
releases/2018/180-10147-10192.md                              document_date    03/00/1979            → day is out of range for month: 03/00/1979
releases/2018/104-10224-10005.md                              document_date    01/01/0000            → year 0 is out of range: 01/01/0000
releases/2018/104-10193-10008.md                              document_date    01/01/0000            → year 0 is out of range: 01/01/0000
releases/2018/104-10162-10197.md                              document_date    01/01/0000            → year 0 is out of range: 01/01/0000
releases/2018/104-10111-10067.md                              document_date    01/01/0000            → year 0 is out of range: 01/01/0000
releases/2018/104-10221-10007.md                              document_date    01/01/0000            → year 0 is out of range: 01/01/0000
releases/2018/104-10111-10094.md                              document_date    01/01/0000            → year 0 is out of range: 01/01/0000
releases/2018/jfk army record # 194-10012-10139.md            document_date    00/00/00              → month must be in 1..12: 00/00/00
releases/2018/104-10111-10185.md                              document_date    01/01/0000            → year 0 is out of range: 01/01/0000
releases/2018/104-10182-10002.md                              document_date    01/01/0000            → year 0 is out of range: 01/01/0000
releases/2018/157-10011-10007.md                              document_date    06/00/1975            → day is out of range for month: 06/00/1975
releases/2018/157-10014-10242.md                              document_date    00/00/1975            → month must be in 1..12: 00/00/1975
releases/2018/104-10111-10076.md                              document_date    01/01/0000            → year 0 is out of range: 01/01/0000
releases/2018/104-10215-10127.md                              document_date    01/01/0000            → year 0 is out of range: 01/01/0000
releases/2018/104-10163-10141.md                              document_date    01/01/0000            → year 0 is out of range: 01/01/0000
releases/2018/104-10221-10022.md                              document_date    01/01/0000            → year 0 is out of range: 01/01/0000
releases/2018/104-10182-10136.md                              document_date    01/01/0000            → year 0 is out of range: 01/01/0000
releases/2018/104-10187-10040.md                              document_date    01/01/0000            → year 0 is out of range: 01/01/0000
releases/2018/104-10166-10126.md                              document_date    01/01/0000            → year 0 is out of range: 01/01/0000
releases/2018/104-10210-10034.md                              document_date    01/01/0000            → year 0 is out of range: 01/01/0000
releases/2018/104-10218-10009.md                              document_date    01/01/0000            → year 0 is out of range: 01/01/0000
releases/2018/157-10014-10227.md                              document_date    06/00/1975            → day is out of range for month: 06/00/1975
releases/2018/104-10186-10322.md                              document_date    01/01/0000            → year 0 is out of range: 01/01/0000
releases/2018/104-10194-10016.md                              document_date    01/01/0000            → year 0 is out of range: 01/01/0000
releases/2018/104-10180-10199.md                              document_date    01/01/0000            → year 0 is out of range: 01/01/0000
releases/2018/104-10414-10150.md                              document_date    01/01/0000            → year 0 is out of range: 01/01/0000
releases/2018/104-10174-10030.md                              document_date    05/10/0000            → year 0 is out of range: 05/10/0000
releases/2018/104-10079-10301.md                              document_date    01/01/0000            → year 0 is out of range: 01/01/0000
releases/2018/104-10194-10022.md                              document_date    01/01/0000            → year 0 is out of range: 01/01/0000
releases/2018/104-10438-10122.md                              document_date    01/01/0000            → year 0 is out of range: 01/01/0000
releases/2018/104-10400-10018.md                              document_date    01/01/0000            → year 0 is out of range: 01/01/0000
releases/2018/104-10169-10285.md                              document_date    01/01/0000            → year 0 is out of range: 01/01/0000
releases/2018/104-10103-10020.md                              document_date    01/01/0000            → year 0 is out of range: 01/01/0000
releases/2018/104-10188-10023.md                              document_date    01/01/0000            → year 0 is out of range: 01/01/0000
releases/2018/104-10170-10181.md                              document_date    01/01/0000            → year 0 is out of range: 01/01/0000
releases/2018/104-10141-10065.md                              document_date    01/01/0000            → year 0 is out of range: 01/01/0000
releases/2018/104-10268-10006.md                              document_date    01/01/0000            → year 0 is out of range: 01/01/0000
releases/2018/104-10169-10252.md                              document_date    01/01/0000            → year 0 is out of range: 01/01/0000
releases/2018/104-10291-10017.md                              document_date    01/01/0000            → year 0 is out of range: 01/01/0000
releases/2018/docid-32269709.md                               document_date    07/00/1978            → day is out of range for month: 07/00/1978
releases/2018/104-10174-10071.md                              document_date    01/01/0000            → year 0 is out of range: 01/01/0000
releases/2018/104-10433-10167.md                              document_date    01/01/0000            → year 0 is out of range: 01/01/0000
releases/2018/104-10183-10355.md                              document_date    01/01/0000            → year 0 is out of range: 01/01/0000
releases/2018/104-10187-10001.md                              document_date    01/01/0000            → year 0 is out of range: 01/01/0000
releases/2018/104-10167-10136.md                              document_date    01/01/0000            → year 0 is out of range: 01/01/0000
releases/2018/104-10120-10044.md                              document_date    05/24/0000            → year 0 is out of range: 05/24/0000
releases/2018/104-10063-10389.md                              document_date    01/01/0000            → year 0 is out of range: 01/01/0000
releases/2018/104-10086-10399.md                              document_date    01/01/0000            → year 0 is out of range: 01/01/0000
releases/2018/104-10224-10004.md                              document_date    01/01/0000            → year 0 is out of range: 01/01/0000
releases/2018/104-10163-10087.md                              document_date    01/01/0000            → year 0 is out of range: 01/01/0000
releases/2018/104-10105-10278.md                              document_date    01/01/0000            → year 0 is out of range: 01/01/0000
releases/2018/180-10142-10162.md                              document_date    00/00/1978            → month must be in 1..12: 00/00/1978
releases/2018/157-10008-10253.md                              document_date    00/00/1976            → month must be in 1..12: 00/00/1976
releases/2018/104-10182-10052.md                              document_date    01/01/0000            → year 0 is out of range: 01/01/0000
releases/2018/104-10422-10019.md                              document_date    01/01/0000            → year 0 is out of range: 01/01/0000
releases/2018/104-10225-10030.md                              document_date    01/01/0000            → year 0 is out of range: 01/01/0000
releases/2018/104-10119-10228.md                              document_date    01/01/0000            → year 0 is out of range: 01/01/0000
releases/2018/104-10182-10003.md                              document_date    01/01/0000            → year 0 is out of range: 01/01/0000
releases/2018/104-10187-10155.md                              document_date    01/01/0000            → year 0 is out of range: 01/01/0000
releases/2018/157-10011-10037.md                              document_date    00/00/1963            → month must be in 1..12: 00/00/1963
releases/2018/104-10162-10114.md                              document_date    01/01/0000            → year 0 is out of range: 01/01/0000
releases/2018/104-10221-10026.md                              document_date    01/01/0000            → year 0 is out of range: 01/01/0000
releases/2018/104-10305-10005.md                              document_date    01/01/0000            → year 0 is out of range: 01/01/0000
releases/2018/178-10003-10397.md                              document_date    00/00/1975            → month must be in 1..12: 00/00/1975
releases/2018/104-10182-10072.md                              document_date    01/01/0000            → year 0 is out of range: 01/01/0000
releases/2018/104-10176-10068.md                              document_date    01/01/0000            → year 0 is out of range: 01/01/0000
releases/2018/157-10008-10000.md                              document_date    06/00/1975            → day is out of range for month: 06/00/1975
releases/2018/104-10187-10070.md                              document_date    01/01/0000            → year 0 is out of range: 01/01/0000
releases/2018/104-10167-10007.md                              document_date    01/01/0000            → year 0 is out of range: 01/01/0000
releases/2018/104-10209-10122.md                              document_date    01/01/0000            → year 0 is out of range: 01/01/0000
releases/2018/104-10120-10064.md                              document_date    05/20/0000            → year 0 is out of range: 05/20/0000
releases/2018/157-10011-10003.md                              document_date    06/00/1975            → day is out of range for month: 06/00/1975
releases/2018/104-10219-10039.md                              document_date    06/22/0000            → year 0 is out of range: 06/22/0000
releases/2018/104-10162-10242.md                              document_date    01/01/0000            → year 0 is out of range: 01/01/0000
releases/2018/180-10143-10176.md                              document_date    00/00/1978            → month must be in 1..12: 00/00/1978
releases/2018/104-10194-10026.md                              document_date    01/01/0000            → year 0 is out of range: 01/01/0000
releases/2018/157-10002-10004.md                              document_date    06/00/1975            → day is out of range for month: 06/00/1975
releases/2018/104-10174-10140.md                              document_date    01/01/0000            → year 0 is out of range: 01/01/0000
releases/2018/104-10213-10058.md                              document_date    01/01/0000            → year 0 is out of range: 01/01/0000
releases/2018/104-10051-10250.md                              document_date    01/01/0000            → year 0 is out of range: 01/01/0000
releases/2018/104-10061-10035.md                              document_date    01/01/0000            → year 0 is out of range: 01/01/0000
releases/2018/104-10175-10034.md                              document_date    01/01/0000            → year 0 is out of range: 01/01/0000
releases/2018/104-10174-10065.md                              document_date    01/01/0000            → year 0 is out of range: 01/01/0000
releases/2018/104-10170-10113.md                              document_date    01/01/0000            → year 0 is out of range: 01/01/0000
releases/2018/104-10194-10012.md                              document_date    01/01/0000            → year 0 is out of range: 01/01/0000
releases/2018/104-10291-10003.md                              document_date    01/01/0000            → year 0 is out of range: 01/01/0000
releases/2018/104-10535-10001.md                              document_date    01/01/0000            → year 0 is out of range: 01/01/0000
releases/2018/104-10161-10148.md                              document_date    01/01/0000            → year 0 is out of range: 01/01/0000
releases/2018/104-10268-10012.md                              document_date    01/01/0000            → year 0 is out of range: 01/01/0000
releases/2018/104-10103-10280.md                              document_date    01/01/0000            → year 0 is out of range: 01/01/0000
releases/2018/104-10268-10002.md                              document_date    01/01/0000            → year 0 is out of range: 01/01/0000
releases/2018/104-10188-10052.md                              document_date    01/01/0000            → year 0 is out of range: 01/01/0000
releases/2018/104-10188-10003.md                              document_date    01/01/0000            → year 0 is out of range: 01/01/0000
releases/2018/104-10291-10013.md                              document_date    01/01/0000            → year 0 is out of range: 01/01/0000
releases/2018/104-10194-10002.md                              document_date    01/01/0000            → year 0 is out of range: 01/01/0000
releases/2018/104-10054-10060.md                              document_date    01/01/0000            → year 0 is out of range: 01/01/0000
releases/2018/104-10195-10002.md                              document_date    01/01/0000            → year 0 is out of range: 01/01/0000
releases/2018/104-10079-10321.md                              document_date    01/01/0000            → year 0 is out of range: 01/01/0000
releases/2018/104-10006-10278.md                              document_date    01/01/0000            → year 0 is out of range: 01/01/0000
releases/2018/104-10115-10054.md                              document_date    01/01/0000            → year 0 is out of range: 01/01/0000
releases/2018/104-10209-10201.md                              document_date    01/01/0000            → year 0 is out of range: 01/01/0000
releases/2018/104-10210-10014.md                              document_date    01/01/0000            → year 0 is out of range: 01/01/0000
releases/2018/178-10003-10311.md                              document_date    03/00/1975            → day is out of range for month: 03/00/1975
releases/2018/104-10163-10130.md                              document_date    01/01/0000            → year 0 is out of range: 01/01/0000
releases/2018/157-10011-10013.md                              document_date    06/00/1975            → day is out of range for month: 06/00/1975
releases/2018/104-10182-10007.md                              document_date    01/01/0000            → year 0 is out of range: 01/01/0000
releases/2018/104-10166-10157.md                              document_date    01/01/0000            → year 0 is out of range: 01/01/0000
releases/2018/104-10300-10157.md                              document_date    01/01/0000            → year 0 is out of range: 01/01/0000
releases/2018/104-10225-10034.md                              document_date    01/01/0000            → year 0 is out of range: 01/01/0000
releases/2018/104-10522-10193.md                              document_date    01/01/0000            → year 0 is out of range: 01/01/0000
releases/2018/104-10177-10078.md                              document_date    11/29/0000            → year 0 is out of range: 11/29/0000
releases/2018/104-10161-10525.md                              document_date    01/01/0000            → year 0 is out of range: 01/01/0000
releases/2018/104-10183-10091.md                              document_date    01/01/0000            → year 0 is out of range: 01/01/0000
releases/2018/104-10225-10000.md                              document_date    01/01/0000            → year 0 is out of range: 01/01/0000
releases/2018/104-10224-10000.md                              document_date    01/01/0000            → year 0 is out of range: 01/01/0000
releases/2018/157-10004-10147_1.md                            document_date    00/00/1976            → month must be in 1..12: 00/00/1976
releases/2018/104-10220-10067.md                              document_date    01/01/0000            → year 0 is out of range: 01/01/0000
releases/2018/104-10121-10040.md                              document_date    01/01/0000            → year 0 is out of range: 01/01/0000
releases/2018/104-10303-10001.md                              document_date    01/01/0000            → year 0 is out of range: 01/01/0000
releases/2018/104-10165-10141.md                              document_date    01/01/0000            → year 0 is out of range: 01/01/0000
releases/2018/104-10181-10011.md                              document_date    01/01/0000            → year 0 is out of range: 01/01/0000
releases/2018/104-10164-10110.md                              document_date    01/01/0000            → year 0 is out of range: 01/01/0000
releases/2018/104-10164-10050.md                              document_date    01/01/0000            → year 0 is out of range: 01/01/0000
releases/2018/104-10418-10202.md                              document_date    01/01/0000            → year 0 is out of range: 01/01/0000
releases/2018/104-10222-10045.md                              document_date    01/01/0000            → year 0 is out of range: 01/01/0000
releases/2018/104-10095-10075.md                              document_date    01/01/0000            → year 0 is out of range: 01/01/0000
releases/2018/104-10267-10407.md                              document_date    11/29/0000            → year 0 is out of range: 11/29/0000
releases/2018/104-10006-10263.md                              document_date    01/01/0000            → year 0 is out of range: 01/01/0000
releases/2018/104-10178-10000.md                              document_date    01/01/0000            → year 0 is out of range: 01/01/0000
releases/2018/104-10165-10124.md                              document_date    01/01/0000            → year 0 is out of range: 01/01/0000
releases/2018/198-10006-10014.md                              document_date    00/00/1963            → month must be in 1..12: 00/00/1963
releases/2018/104-10178-10096.md                              document_date    01/01/0000            → year 0 is out of range: 01/01/0000
releases/2018/104-10113-10262.md                              document_date    01/01/0000            → year 0 is out of range: 01/01/0000
releases/2018/104-10171-10149.md                              document_date    01/01/0000            → year 0 is out of range: 01/01/0000
releases/2018/104-10185-10260.md                              document_date    01/01/0000            → year 0 is out of range: 01/01/0000
releases/2018/104-10164-10097.md                              document_date    01/01/0000            → year 0 is out of range: 01/01/0000
releases/2018/104-10006-10257.md                              document_date    01/01/0000            → year 0 is out of range: 01/01/0000
releases/2018/104-10074-10176.md                              document_date    01/01/0000            → year 0 is out of range: 01/01/0000
releases/2018/104-10180-10196.md                              document_date    01/01/0000            → year 0 is out of range: 01/01/0000
releases/2018/104-10194-10019.md                              document_date    01/01/0000            → year 0 is out of range: 01/01/0000
releases/2018/104-10066-10242.md                              document_date    01/01/0000            → year 0 is out of range: 01/01/0000
releases/2018/104-10131-10111.md                              document_date    01/01/0000            → year 0 is out of range: 01/01/0000
releases/2018/157-10014-10228.md                              document_date    06/00/1975            → day is out of range for month: 06/00/1975
releases/2018/104-10193-10162.md                              document_date    01/01/0000            → year 0 is out of range: 01/01/0000
releases/2018/104-10182-10139.md                              document_date    01/01/0000            → year 0 is out of range: 01/01/0000
releases/2018/104-10516-10239.md                              document_date    01/01/0000            → year 0 is out of range: 01/01/0000
releases/2018/104-10231-10042.md                              document_date    01/01/0000            → year 0 is out of range: 01/01/0000
releases/2018/104-10176-10006.md                              document_date    01/01/0000            → year 0 is out of range: 01/01/0000
releases/2018/104-10215-10128.md                              document_date    01/01/0000            → year 0 is out of range: 01/01/0000
releases/2018/104-10173-10170.md                              document_date    01/01/0000            → year 0 is out of range: 01/01/0000
releases/2018/104-10130-10356.md                              document_date    01/01/0000            → year 0 is out of range: 01/01/0000
releases/2018/104-10177-10224.md                              document_date    01/01/0000            → year 0 is out of range: 01/01/0000
releases/2018/104-10209-10129.md                              document_date    01/01/0000            → year 0 is out of range: 01/01/0000
releases/2018/157-10011-10008.md                              document_date    06/00/1975            → day is out of range for month: 06/00/1975
releases/2018/104-10130-10346.md                              document_date    06/27/0000            → year 0 is out of range: 06/27/0000
releases/2018/178-10002-10169.md                              document_date    05/00/1975            → day is out of range for month: 05/00/1975
releases/2018/104-10215-10029.md                              document_date    01/01/0000            → year 0 is out of range: 01/01/0000
releases/2018/104-10182-10069.md                              document_date    01/01/0000            → year 0 is out of range: 01/01/0000
releases/2018/104-10422-10022.md                              document_date    01/01/0000            → year 0 is out of range: 01/01/0000
releases/2018/104-10229-10000.md                              document_date    01/01/0000            → year 0 is out of range: 01/01/0000
releases/2018/202-10002-10104.md                              document_date    00/00/1962            → month must be in 1..12: 00/00/1962
releases/2018/104-10146-10034.md                              document_date    01/01/0000            → year 0 is out of range: 01/01/0000
releases/2018/104-10172-10105.md                              document_date    01/01/0000            → year 0 is out of range: 01/01/0000
releases/2018/104-10176-10073.md                              document_date    01/01/0000            → year 0 is out of range: 01/01/0000
releases/2018/195-10005-10022.md                              document_date    11/00/1961            → day is out of range for month: 11/00/1961
releases/2018/157-10004-10290.md                              document_date    00/00/1975            → month must be in 1..12: 00/00/1975
releases/2018/104-10218-10047.md                              document_date    01/01/0000            → year 0 is out of range: 01/01/0000
releases/2018/104-10165-10087.md                              document_date    01/01/0000            → year 0 is out of range: 01/01/0000
releases/2018/104-10194-10009.md                              document_date    01/01/0000            → year 0 is out of range: 01/01/0000
releases/2018/104-10178-10164.md                              document_date    01/01/0000            → year 0 is out of range: 01/01/0000
releases/2018/104-10171-10019.md                              document_date    01/01/0000            → year 0 is out of range: 01/01/0000
releases/2018/104-10165-10134.md                              document_date    01/01/0000            → year 0 is out of range: 01/01/0000
releases/2018/104-10226-10117.md                              document_date    01/01/0000            → year 0 is out of range: 01/01/0000
releases/2018/104-10140-10308.md                              document_date    01/01/0000            → year 0 is out of range: 01/01/0000
releases/2018/104-10178-10150.md                              document_date    01/01/0000            → year 0 is out of range: 01/01/0000
releases/2018/104-10179-10150.md                              document_date    01/01/0000            → year 0 is out of range: 01/01/0000
releases/2018/104-10180-10141.md                              document_date    01/01/0000            → year 0 is out of range: 01/01/0000
releases/2018/104-10149-10006.md                              document_date    01/01/0000            → year 0 is out of range: 01/01/0000
releases/2018/104-10180-10050.md                              document_date    01/01/0000            → year 0 is out of range: 01/01/0000
releases/2018/104-10120-10671.md                              document_date    07/26/0000            → year 0 is out of range: 07/26/0000
releases/2018/104-10110-10434.md                              document_date    01/01/0000            → year 0 is out of range: 01/01/0000
releases/2018/104-10164-10060.md                              document_date    01/01/0000            → year 0 is out of range: 01/01/0000
releases/2018/104-10185-10017.md                              document_date    01/01/0000            → year 0 is out of range: 01/01/0000
releases/2018/104-10185-10264.md                              document_date    01/01/0000            → year 0 is out of range: 01/01/0000
releases/2018/104-10189-10028.md                              document_date    01/01/0000            → year 0 is out of range: 01/01/0000
releases/2018/104-10222-10041.md                              document_date    01/01/0000            → year 0 is out of range: 01/01/0000
releases/2018/104-10164-10054.md                              document_date    01/01/0000            → year 0 is out of range: 01/01/0000
releases/2018/104-10112-10203.md                              document_date    01/01/0000            → year 0 is out of range: 01/01/0000
releases/2018/104-10265-10022.md                              document_date    01/01/0000            → year 0 is out of range: 01/01/0000
releases/2018/104-10180-10044.md                              document_date    01/01/0000            → year 0 is out of range: 01/01/0000
releases/2018/104-10103-10318.md                              document_date    01/01/0000            → year 0 is out of range: 01/01/0000
releases/2018/104-10178-10144.md                              document_date    01/01/0000            → year 0 is out of range: 01/01/0000
releases/2018/104-10429-10090.md                              document_date    01/01/0000            → year 0 is out of range: 01/01/0000
releases/2018/104-10088-10252.md                              document_date    01/01/0000            → year 0 is out of range: 01/01/0000
releases/2018/104-10176-10002.md                              document_date    01/01/0000            → year 0 is out of range: 01/01/0000
releases/2018/104-10128-10274.md                              document_date    01/01/0000            → year 0 is out of range: 01/01/0000
releases/2018/104-10422-10053.md                              document_date    01/01/0000            → year 0 is out of range: 01/01/0000
releases/2018/104-10177-10220.md                              document_date    01/01/0000            → year 0 is out of range: 01/01/0000
releases/2018/104-10301-10008.md                              document_date    01/01/0000            → year 0 is out of range: 01/01/0000
releases/2018/104-10193-10166.md                              document_date    01/01/0000            → year 0 is out of range: 01/01/0000
releases/2018/104-10176-10067.md                              document_date    01/01/0000            → year 0 is out of range: 01/01/0000
releases/2018/104-10172-10111.md                              document_date    01/01/0000            → year 0 is out of range: 01/01/0000
releases/2018/104-10186-10329.md                              document_date    01/01/0000            → year 0 is out of range: 01/01/0000
releases/2018/104-10193-10077.md                              document_date    01/01/0000            → year 0 is out of range: 01/01/0000
releases/2018/180-10147-10359.md                              document_date    00/00/1978            → month must be in 1..12: 00/00/1978
releases/2018/157-10011-10069.md                              document_date    05/00/1975            → day is out of range for month: 05/00/1975
releases/2018/104-10209-10018.md                              document_date    01/01/0000            → year 0 is out of range: 01/01/0000
releases/2018/104-10220-10128.md                              document_date    01/01/0000            → year 0 is out of range: 01/01/0000
releases/2018/104-10209-10049.md                              document_date    01/01/0000            → year 0 is out of range: 01/01/0000
releases/2018/104-10422-10026.md                              document_date    01/01/0000            → year 0 is out of range: 01/01/0000
releases/2018/104-10221-10039.md                              document_date    01/01/0000            → year 0 is out of range: 01/01/0000
releases/2018/104-10219-10043.md                              document_date    01/05/0000            → year 0 is out of range: 01/05/0000
releases/2018/104-10218-10012.md                              document_date    01/01/0000            → year 0 is out of range: 01/01/0000
releases/2018/104-10166-10158.md                              document_date    01/01/0000            → year 0 is out of range: 01/01/0000
releases/2018/104-10172-10346.md                              document_date    08/19/0000            → year 0 is out of range: 08/19/0000
releases/2018/104-10177-10230.md                              document_date    01/01/0000            → year 0 is out of range: 01/01/0000
releases/2018/104-10135-10325.md                              document_date    01/01/0000            → year 0 is out of range: 01/01/0000
releases/2018/104-10308-10074.md                              document_date    01/01/0000            → year 0 is out of range: 01/01/0000
releases/2018/104-10118-10001.md                              document_date    01/01/0000            → year 0 is out of range: 01/01/0000
releases/2018/104-10173-10135.md                              document_date    01/01/0000            → year 0 is out of range: 01/01/0000
releases/2018/104-10192-10002.md                              document_date    01/01/0000            → year 0 is out of range: 01/01/0000
releases/2018/104-10178-10105.md                              document_date    01/01/0000            → year 0 is out of range: 01/01/0000
releases/2018/178-10003-10401.md                              document_date    00/00/1975            → month must be in 1..12: 00/00/1975
releases/2018/104-10171-10138.md                              document_date    01/01/0000            → year 0 is out of range: 01/01/0000
releases/2018/104-10178-10154.md                              document_date    01/01/0000            → year 0 is out of range: 01/01/0000
releases/2018/104-10088-10213.md                              document_date    01/01/0000            → year 0 is out of range: 01/01/0000
releases/2018/104-10161-10190.md                              document_date    01/01/0000            → year 0 is out of range: 01/01/0000
releases/2018/104-10222-10000.md                              document_date    01/01/0000            → year 0 is out of range: 01/01/0000
releases/2018/104-10006-10284.md                              document_date    01/01/0000            → year 0 is out of range: 01/01/0000
releases/2018/104-10521-10016.md                              document_date    02/01/0000            → year 0 is out of range: 02/01/0000
releases/2018/104-10181-10005.md                              document_date    01/01/0000            → year 0 is out of range: 01/01/0000
releases/2018/104-10120-10463.md                              document_date    01/01/0000            → year 0 is out of range: 01/01/0000
releases/2018/104-10216-10154.md                              document_date    01/01/0000            → year 0 is out of range: 01/01/0000
releases/2018/104-10074-10022.md                              document_date    01/01/0000            → year 0 is out of range: 01/01/0000
releases/2018/104-10006-10243.md                              document_date    01/01/0000            → year 0 is out of range: 01/01/0000
releases/2018/104-10213-10022.md                              document_date    01/01/0000            → year 0 is out of range: 01/01/0000
releases/2018/104-10181-10182.md                              document_date    04/17/0000            → year 0 is out of range: 04/17/0000
releases/2018/104-10180-10171.md                              document_date    01/01/0000            → year 0 is out of range: 01/01/0000
releases/2018/104-10106-10179.md                              document_date    01/01/0000            → year 0 is out of range: 01/01/0000
releases/2018/104-10265-10117.md                              document_date    01/01/0000            → year 0 is out of range: 01/01/0000
releases/2018/104-10180-10031.md                              document_date    01/01/0000            → year 0 is out of range: 01/01/0000
releases/2018/104-10165-10130.md                              document_date    01/01/0000            → year 0 is out of range: 01/01/0000
releases/2018/104-10216-10327.md                              document_date    10/27/0000            → year 0 is out of range: 10/27/0000
releases/2018/104-10180-10060.md                              document_date    01/01/0000            → year 0 is out of range: 01/01/0000
releases/2018/104-10180-10131.md                              document_date    01/01/0000            → year 0 is out of range: 01/01/0000
releases/2018/104-10165-10121.md                              document_date    01/01/0000            → year 0 is out of range: 01/01/0000
releases/2018/104-10418-10439_1.md                            document_date    01/01/0000            → year 0 is out of range: 01/01/0000
releases/2018/104-10079-10129.md                              document_date    01/01/0000            → year 0 is out of range: 01/01/0000
releases/2018/104-10185-10265.md                              document_date    01/01/0000            → year 0 is out of range: 01/01/0000
releases/2018/104-10181-10154.md                              document_date    01/01/0000            → year 0 is out of range: 01/01/0000
releases/2018/104-10222-10040.md                              document_date    01/01/0000            → year 0 is out of range: 01/01/0000
releases/2018/104-10165-10004.md                              document_date    01/01/0000            → year 0 is out of range: 01/01/0000
releases/2018/104-10164-10004.md                              document_date    01/01/0000            → year 0 is out of range: 01/01/0000
releases/2018/104-10429-10091.md                              document_date    01/01/0000            → year 0 is out of range: 01/01/0000
releases/2018/104-10173-10035.md                              document_date    01/01/0000            → year 0 is out of range: 01/01/0000
releases/2018/104-10106-10521.md                              document_date    01/01/0000            → year 0 is out of range: 01/01/0000
releases/2018/104-10219-10037.md                              document_date    01/01/0000            → year 0 is out of range: 01/01/0000
releases/2018/104-10173-10097.md                              document_date    01/01/0000            → year 0 is out of range: 01/01/0000
releases/2018/104-10246-10032.md                              document_date    01/11/0000            → year 0 is out of range: 01/11/0000
releases/2018/104-10177-10221.md                              document_date    01/01/0000            → year 0 is out of range: 01/01/0000
releases/2018/104-10301-10009.md                              document_date    01/01/0000            → year 0 is out of range: 01/01/0000
releases/2018/104-10172-10110.md                              document_date    01/01/0000            → year 0 is out of range: 01/01/0000
releases/2018/104-10234-10105.md                              document_date    01/01/0000            → year 0 is out of range: 01/01/0000
releases/2018/104-10193-10076.md                              document_date    01/01/0000            → year 0 is out of range: 01/01/0000
releases/2018/104-10106-10896.md                              document_date    01/01/0000            → year 0 is out of range: 01/01/0000
releases/2018/104-10111-10048.md                              document_date    01/01/0000            → year 0 is out of range: 01/01/0000
releases/2018/104-10176-10037.md                              document_date    02/12/0000            → year 0 is out of range: 02/12/0000
releases/2018/104-10173-10001.md                              document_date    01/01/0000            → year 0 is out of range: 01/01/0000
releases/2018/104-10170-10471.md                              document_date    01/01/0000            → year 0 is out of range: 01/01/0000
releases/2018/104-10220-10028.md                              document_date    01/01/0000            → year 0 is out of range: 01/01/0000
releases/2018/178-10003-10399.md                              document_date    00/00/1975            → month must be in 1..12: 00/00/1975
releases/2018/104-10192-10194.md                              document_date    01/01/0000            → year 0 is out of range: 01/01/0000
releases/2018/104-10296-10204.md                              document_date    01/01/0000            → year 0 is out of range: 01/01/0000
releases/2018/104-10220-10069.md                              document_date    01/01/0000            → year 0 is out of range: 01/01/0000
releases/2018/104-10308-10010.md                              document_date    01/01/0000            → year 0 is out of range: 01/01/0000
releases/2018/104-10119-10125.md                              document_date    01/01/0000            → year 0 is out of range: 01/01/0000
releases/2018/104-10146-10093.md                              document_date    01/01/0000            → year 0 is out of range: 01/01/0000
releases/2018/104-10066-10086.md                              document_date    01/01/0000            → year 0 is out of range: 01/01/0000
releases/2018/104-10131-10104.md                              document_date    01/01/0000            → year 0 is out of range: 01/01/0000
releases/2018/104-10219-10153.md                              document_date    01/01/0000            → year 0 is out of range: 01/01/0000
releases/2018/104-10067-10197.md                              document_date    01/01/0000            → year 0 is out of range: 01/01/0000
releases/2018/104-10177-10076.md                              document_date    11/29/0000            → year 0 is out of range: 11/29/0000
releases/2018/104-10218-10013.md                              document_date    01/01/0000            → year 0 is out of range: 01/01/0000
releases/2018/104-10177-10231.md                              document_date    01/01/0000            → year 0 is out of range: 01/01/0000
releases/2018/157-10005-10192.md                              document_date    00/00/1976            → month must be in 1..12: 00/00/1976
releases/2018/104-10173-10134.md                              document_date    01/01/0000            → year 0 is out of range: 01/01/0000
releases/2018/104-10173-10165.md                              document_date    01/01/0000            → year 0 is out of range: 01/01/0000
releases/2018/104-10308-10206.md                              document_date    01/01/0000            → year 0 is out of range: 01/01/0000
releases/2018/104-10218-10076.md                              document_date    01/01/0000            → year 0 is out of range: 01/01/0000
releases/2018/104-10431-10105.md                              document_date    01/01/0000            → year 0 is out of range: 01/01/0000
releases/2018/104-10170-10139.md                              document_date    01/01/0000            → year 0 is out of range: 01/01/0000
releases/2018/104-10102-10189.md                              document_date    01/01/0000            → year 0 is out of range: 01/01/0000
releases/2018/178-10003-10400.md                              document_date    00/00/1975            → month must be in 1..12: 00/00/1975
releases/2018/104-10110-10662.md                              document_date    01/01/0000            → year 0 is out of range: 01/01/0000
releases/2018/104-10510-10141.md                              document_date    01/01/0000            → year 0 is out of range: 01/01/0000
releases/2018/104-10222-10001.md                              document_date    01/01/0000            → year 0 is out of range: 01/01/0000
releases/2018/104-10217-10155.md                              document_date    01/01/0000            → year 0 is out of range: 01/01/0000
releases/2018/104-10180-10170.md                              document_date    01/01/0000            → year 0 is out of range: 01/01/0000
releases/2018/104-10428-10017.md                              document_date    01/01/0000            → year 0 is out of range: 01/01/0000
releases/2018/104-10227-10003.md                              document_date    01/01/0000            → year 0 is out of range: 01/01/0000
releases/2018/197-10002-10190.md                              document_date    00/00/1963            → month must be in 1..12: 00/00/1963
releases/2018/104-10181-10121.md                              document_date    01/01/0000            → year 0 is out of range: 01/01/0000
releases/2018/104-10164-10000.md                              document_date    01/01/0000            → year 0 is out of range: 01/01/0000
releases/2018/104-10302-10000.md                              document_date    01/01/0000            → year 0 is out of range: 01/01/0000
releases/2018/104-10165-10140.md                              document_date    01/01/0000            → year 0 is out of range: 01/01/0000
releases/2018/104-10525-10035.md                              document_date    01/01/0000            → year 0 is out of range: 01/01/0000
releases/2018/104-10307-10067.md                              document_date    01/01/0000            → year 0 is out of range: 01/01/0000
releases/2018/104-10217-10217.md                              document_date    01/01/0000            → year 0 is out of range: 01/01/0000
releases/2018/104-10180-10010.md                              document_date    01/01/0000            → year 0 is out of range: 01/01/0000
releases/2018/104-10165-10111.md                              document_date    01/01/0000            → year 0 is out of range: 01/01/0000
releases/2018/104-10185-10026.md                              document_date    01/01/0000            → year 0 is out of range: 01/01/0000
releases/2018/104-10431-10000.md                              document_date    01/01/0000            → year 0 is out of range: 01/01/0000
releases/2018/104-10079-10059.md                              document_date    01/01/0000            → year 0 is out of range: 01/01/0000
releases/2018/104-10178-10001.md                              document_date    01/01/0000            → year 0 is out of range: 01/01/0000
releases/2018/104-10169-10229.md                              document_date    01/01/0000            → year 0 is out of range: 01/01/0000
releases/2018/104-10178-10141.md                              document_date    01/01/0000            → year 0 is out of range: 01/01/0000
releases/2018/104-10217-10223.md                              document_date    01/01/0000            → year 0 is out of range: 01/01/0000
releases/2018/104-10165-10125.md                              document_date    01/01/0000            → year 0 is out of range: 01/01/0000
releases/2018/104-10425-10008.md                              document_date    01/01/0000            → year 0 is out of range: 01/01/0000
releases/2018/104-10400-10311.md                              document_date    01/01/0000            → year 0 is out of range: 01/01/0000
releases/2018/104-10194-10018.md                              document_date    01/01/0000            → year 0 is out of range: 01/01/0000
releases/2018/104-10291-10009.md                              document_date    01/01/0000            → year 0 is out of range: 01/01/0000
releases/2018/104-10063-10275.md                              document_date    01/01/0000            → year 0 is out of range: 01/01/0000
releases/2018/104-10218-10007.md                              document_date    01/01/0000            → year 0 is out of range: 01/01/0000
releases/2018/104-10193-10163.md                              document_date    01/01/0000            → year 0 is out of range: 01/01/0000
releases/2018/104-10413-10025.md                              document_date    01/01/0000            → year 0 is out of range: 01/01/0000
releases/2018/104-10172-10114.md                              document_date    01/01/0000            → year 0 is out of range: 01/01/0000
releases/2018/104-10166-10128.md                              document_date    01/01/0000            → year 0 is out of range: 01/01/0000
releases/2018/104-10297-10241.md                              document_date    11/11/0000            → year 0 is out of range: 11/11/0000
releases/2018/104-10418-10439.md                              document_date    01/01/0000            → year 0 is out of range: 01/01/0000
releases/2018/104-10162-10248.md                              document_date    01/01/0000            → year 0 is out of range: 01/01/0000
releases/2018/104-10308-10303.md                              document_date    01/01/0000            → year 0 is out of range: 01/01/0000
releases/2018/104-10231-10043.md                              document_date    01/01/0000            → year 0 is out of range: 01/01/0000
releases/2018/104-10177-10056.md                              document_date    01/01/0000            → year 0 is out of range: 01/01/0000
releases/2018/104-10215-10129.md                              document_date    01/01/0000            → year 0 is out of range: 01/01/0000
releases/2018/104-10177-10147.md                              document_date    01/01/0000            → year 0 is out of range: 01/01/0000
releases/2018/104-10219-10122.md                              document_date    01/19/0000            → year 0 is out of range: 01/19/0000
releases/2018/104-10173-10171.md                              document_date    01/01/0000            → year 0 is out of range: 01/01/0000
releases/2018/104-10177-10225.md                              document_date    01/01/0000            → year 0 is out of range: 01/01/0000
releases/2018/104-10220-10049.md                              document_date    01/01/0000            → year 0 is out of range: 01/01/0000
releases/2018/104-10218-10180.md                              document_date    01/01/0000            → year 0 is out of range: 01/01/0000
releases/2018/157-10011-10009.md                              document_date    06/00/1975            → day is out of range for month: 06/00/1975
releases/2018/104-10246-10036.md                              document_date    05/02/0000            → year 0 is out of range: 05/02/0000
releases/2018/104-10104-10145.md                              document_date    01/01/0000            → year 0 is out of range: 01/01/0000
releases/2018/104-10071-10409.md                              document_date    01/01/0000            → year 0 is out of range: 01/01/0000
releases/2018/104-10308-10020.md                              document_date    01/01/0000            → year 0 is out of range: 01/01/0000
releases/2018/104-10173-10130.md                              document_date    01/01/0000            → year 0 is out of range: 01/01/0000
releases/2018/104-10163-10089.md                              document_date    01/01/0000            → year 0 is out of range: 01/01/0000
releases/2018/104-10086-10397.md                              document_date    01/01/0000            → year 0 is out of range: 01/01/0000
releases/2018/104-10133-10461.md                              document_date    01/01/0000            → year 0 is out of range: 01/01/0000
releases/2018/104-10247-10103.md                              document_date    01/01/0000            → year 0 is out of range: 01/01/0000
releases/2018/104-10173-10104.md                              document_date    01/01/0000            → year 0 is out of range: 01/01/0000
releases/2018/104-10218-10106.md                              document_date    01/01/0000            → year 0 is out of range: 01/01/0000
releases/2018/104-10218-10046.md                              document_date    01/01/0000            → year 0 is out of range: 01/01/0000
releases/2018/104-10291-10019.md                              document_date    01/01/0000            → year 0 is out of range: 01/01/0000
releases/2018/104-10180-10216.md                              document_date    01/01/0000            → year 0 is out of range: 01/01/0000
releases/2018/104-10195-10008.md                              document_date    01/01/0000            → year 0 is out of range: 01/01/0000
releases/2018/104-10170-10109.md                              document_date    01/01/0000            → year 0 is out of range: 01/01/0000
releases/2018/104-10074-10085.md                              document_date    01/01/0000            → year 0 is out of range: 01/01/0000
releases/2018/104-10268-10008.md                              document_date    01/01/0000            → year 0 is out of range: 01/01/0000
releases/2018/104-10165-10075.md                              document_date    01/01/0000            → year 0 is out of range: 01/01/0000
releases/2018/198-10006-10005.md                              document_date    03/00/1963            → day is out of range for month: 03/00/1963
releases/2018/104-10515-10033.md                              document_date    01/01/0000            → year 0 is out of range: 01/01/0000
releases/2018/104-10074-10102.md                              document_date    01/01/0000            → year 0 is out of range: 01/01/0000
releases/2018/104-10179-10151.md                              document_date    08/10/0000            → year 0 is out of range: 08/10/0000
releases/2018/104-10222-10005.md                              document_date    01/01/0000            → year 0 is out of range: 01/01/0000
releases/2018/104-10226-10033.md                              document_date    06/10/0000            → year 0 is out of range: 06/10/0000

Summary of issues:
  2837× year 0 is out of range: 01/01/0000
  10× day is out of range for month: 03/00/1978
  62× month must be in 1..12: 00/00/1975
  15× day is out of range for month: 05/00/1975
  14× month must be in 1..12: 00/00/1963
  2× day is out of range for month: 07/00/1975
  4× year 0 is out of range: 09/13/0000
  3× year 0 is out of range: 04/24/0000
  3× year 0 is out of range: 08/07/0000
  3× year 0 is out of range: 08/27/0000
  1× day is out of range for month: 12/00/1967
  33× month must be in 1..12: 00/00/1978
  3× year 0 is out of range: 09/10/0000
  40× month must be in 1..12: 00/00/1976
  3× year 0 is out of range: 03/03/0000
  3× year 0 is out of range: 09/09/0000
  1× year 0 is out of range: 10/22/0000
  76× day is out of range for month: 06/00/1975
  4× year 0 is out of range: 11/25/0000
  4× year 0 is out of range: 08/11/0000
  3× year 0 is out of range: 02/09/0000
  3× year 0 is out of range: 12/04/0000
  1× year 0 is out of range: 04/25/0000
  8× day is out of range for month: 02/00/1963
  6× day is out of range for month: 03/00/1963
  1× month must be in 1..12: 00/14/1976
  3× year 0 is out of range: 07/19/0000
  1× day is out of range for month: 03/00/1947
  3× year 0 is out of range: 05/28/0000
  5× year 0 is out of range: 08/23/0000
  8× month must be in 1..12: 00/00/00
  2× day is out of range for month: 03/00/1979
  4× day is out of range for month: 02/00/1978
  2× day is out of range for month: 05/00/1966
  2× year 0 is out of range: 05/04/0000
  3× year 0 is out of range: 12/27/0000
  3× year 0 is out of range: 10/19/0000
  2× year 0 is out of range: 04/20/0000
  3× year 0 is out of range: 01/31/0000
  1× year 0 is out of range: 06/04/0000
  3× day is out of range for month: 12/00/1978
  3× day is out of range for month: 05/00/1978
  3× year 0 is out of range: 03/23/0000
  3× year 0 is out of range: 02/21/0000
  1× day is out of range for month: 12/00/1963
  4× year 0 is out of range: 09/01/0000
  4× year 0 is out of range: 12/03/0000
  3× year 0 is out of range: 12/01/0000
  3× year 0 is out of range: 05/10/0000
  3× day is out of range for month: 07/00/1978
  3× year 0 is out of range: 05/24/0000
  3× year 0 is out of range: 05/20/0000
  3× year 0 is out of range: 06/22/0000
  4× day is out of range for month: 03/00/1975
  9× year 0 is out of range: 11/29/0000
  2× month must be in 1..12: 0/0/1964
  1× day is out of range for month: 05/00/1976
  3× year 0 is out of range: 06/27/0000
  1× year 0 is out of range: 10/13/0000
  2× day is out of range for month: 11/00/1961
  4× year 0 is out of range: 07/26/0000
  2× day is out of range for month: 11/00/1963
  3× year 0 is out of range: 01/05/0000
  3× year 0 is out of range: 08/19/0000
  1× year 0 is out of range: 06/25/0000
  2× month must be in 1..12: 00/00/1964
  1× year 0 is out of range: 09/17/0000
  2× year 0 is out of range: 02/01/0000
  3× year 0 is out of range: 04/17/0000
  3× year 0 is out of range: 10/27/0000
  1× day is out of range for month: 1/00/1962
  2× year 0 is out of range: 01/11/0000
  1× year 0 is out of range: 07/01/0000
  3× year 0 is out of range: 02/12/0000
  1× year 0 is out of range: 10/20/0000
  2× year 0 is out of range: 11/11/0000
  1× year 0 is out of range: 11/24/0000
  4× year 0 is out of range: 01/19/0000
  1× day is out of range for month: 04/00/1975
  2× year 0 is out of range: 05/02/0000
  1× day is out of range for month: 04/00/1976
  1× year 0 is out of range: 09/29/0000
  1× month must be in 1..12: 00/00/1998
  4× year 0 is out of range: 08/10/0000
  3× year 0 is out of range: 06/10/0000
  1× day is out of range for month: 12/00/63
  3× day is out of range for month: 08/00/1975
  2× day is out of range for month: 8/00/1963
  1× month must be in 1..12: 00/00/63
  1× day is out of range for month: 10/00/1964
  1× day is out of range for month: 01/00/1962
  1× day is out of range for month: 03/00/1964
  1× month must be in 1..12: 00/00/1962

Unique raw values:
  2837× '01/01/0000'
  10× '03/00/1978'
  62× '00/00/1975'
  15× '05/00/1975'
  14× '00/00/1963'
  2× '07/00/1975'
  4× '09/13/0000'
  3× '04/24/0000'
  3× '08/07/0000'
  3× '08/27/0000'
  1× '12/00/1967'
  33× '00/00/1978'
  3× '09/10/0000'
  40× '00/00/1976'
  3× '03/03/0000'
  3× '09/09/0000'
  1× '10/22/0000'
  76× '06/00/1975'
  4× '11/25/0000'
  4× '08/11/0000'
  3× '02/09/0000'
  3× '12/04/0000'
  1× '04/25/0000'
  8× '02/00/1963'
  6× '03/00/1963'
  1× '00/14/1976'
  3× '07/19/0000'
  1× '03/00/1947'
  3× '05/28/0000'
  5× '08/23/0000'
  8× '00/00/00'
  2× '03/00/1979'
  4× '02/00/1978'
  2× '05/00/1966'
  2× '05/04/0000'
  3× '12/27/0000'
  3× '10/19/0000'
  2× '04/20/0000'
  3× '01/31/0000'
  1× '06/04/0000'
  3× '12/00/1978'
  3× '05/00/1978'
  3× '03/23/0000'
  3× '02/21/0000'
  1× '12/00/1963'
  4× '09/01/0000'
  4× '12/03/0000'
  3× '12/01/0000'
  3× '05/10/0000'
  3× '07/00/1978'
  3× '05/24/0000'
  3× '05/20/0000'
  3× '06/22/0000'
  4× '03/00/1975'
  9× '11/29/0000'
  2× '0/0/1964'
  1× '05/00/1976'
  3× '06/27/0000'
  1× '10/13/0000'
  2× '11/00/1961'
  4× '07/26/0000'
  2× '11/00/1963'
  3× '01/05/0000'
  3× '08/19/0000'
  1× '06/25/0000'
  2× '00/00/1964'
  1× '09/17/0000'
  2× '02/01/0000'
  3× '04/17/0000'
  3× '10/27/0000'
  1× '1/00/1962'
  2× '01/11/0000'
  1× '07/01/0000'
  3× '02/12/0000'
  1× '10/20/0000'
  2× '11/11/0000'
  1× '11/24/0000'
  4× '01/19/0000'
  1× '04/00/1975'
  2× '05/02/0000'
  1× '04/00/1976'
  1× '09/29/0000'
  1× '00/00/1998'
  4× '08/10/0000'
  3× '06/10/0000'
  1× '12/00/63'
  3× '08/00/1975'
  2× '8/00/1963'
  1× '00/00/63'
  1× '10/00/1964'
  1× '01/00/1962'
  1× '03/00/1964'
  1× '00/00/1962'
